step,mean_reward_agent_0,std_reward_agent_0,mean_cum_reward_agent_0,std_cum_reward_agent_0,mean_inst_regret_agent_0,std_inst_regret_agent_0,mean_cum_regret_agent_0,std_cum_regret_agent_0,mean_reward_agent_1,std_reward_agent_1,mean_cum_reward_agent_1,std_cum_reward_agent_1,mean_inst_regret_agent_1,std_inst_regret_agent_1,mean_cum_regret_agent_1,std_cum_regret_agent_1,prop_action_0_agent_0,prop_action_0_agent_1,prop_action_1_agent_0,prop_action_1_agent_1
0,1.0,0.0,1.0,0.0,0.0,0.0,0.0,0.0,1.0,0.0,1.0,0.0,0.0,0.0,0.0,0.0,1.0,1.0,0.0,0.0
1,0.0,0.0,1.0,0.0,1.0,0.0,1.0,0.0,0.0,0.0,1.0,0.0,1.0,0.0,1.0,0.0,1.0,0.0,0.0,1.0
2,0.0,0.0,1.0,0.0,1.0,0.0,2.0,0.0,0.0,0.0,1.0,0.0,1.0,0.0,2.0,0.0,0.0,1.0,1.0,0.0
3,0.5,0.0,1.5,0.0,0.5,0.0,2.5,0.0,0.5,0.0,1.5,0.0,0.5,0.0,2.5,0.0,0.0,0.0,1.0,1.0
4,1.0,0.0,2.5,0.0,0.0,0.0,2.5,0.0,1.0,0.0,2.5,0.0,0.0,0.0,2.5,0.0,1.0,1.0,0.0,0.0
5,1.0,0.0,3.5,0.0,0.0,0.0,2.5,0.0,1.0,0.0,3.5,0.0,0.0,0.0,2.5,0.0,1.0,1.0,0.0,0.0
6,1.0,0.0,4.5,0.0,0.0,0.0,2.5,0.0,1.0,0.0,4.5,0.0,0.0,0.0,2.5,0.0,1.0,1.0,0.0,0.0
7,1.0,0.0,5.5,0.0,0.0,0.0,2.5,0.0,1.0,0.0,5.5,0.0,0.0,0.0,2.5,0.0,1.0,1.0,0.0,0.0
8,1.0,0.0,6.5,0.0,0.0,0.0,2.5,0.0,1.0,0.0,6.5,0.0,0.0,0.0,2.5,0.0,1.0,1.0,0.0,0.0
9,1.0,0.0,7.5,0.0,0.0,0.0,2.5,0.0,1.0,0.0,7.5,0.0,0.0,0.0,2.5,0.0,1.0,1.0,0.0,0.0
10,1.0,0.0,8.5,0.0,0.0,0.0,2.5,0.0,1.0,0.0,8.5,0.0,0.0,0.0,2.5,0.0,1.0,1.0,0.0,0.0
11,1.0,0.0,9.5,0.0,0.0,0.0,2.5,0.0,1.0,0.0,9.5,0.0,0.0,0.0,2.5,0.0,1.0,1.0,0.0,0.0
12,1.0,0.0,10.5,0.0,0.0,0.0,2.5,0.0,1.0,0.0,10.5,0.0,0.0,0.0,2.5,0.0,1.0,1.0,0.0,0.0
13,1.0,0.0,11.5,0.0,0.0,0.0,2.5,0.0,1.0,0.0,11.5,0.0,0.0,0.0,2.5,0.0,1.0,1.0,0.0,0.0
14,1.0,0.0,12.5,0.0,0.0,0.0,2.5,0.0,1.0,0.0,12.5,0.0,0.0,0.0,2.5,0.0,1.0,1.0,0.0,0.0
15,1.0,0.0,13.5,0.0,0.0,0.0,2.5,0.0,1.0,0.0,13.5,0.0,0.0,0.0,2.5,0.0,1.0,1.0,0.0,0.0
16,1.0,0.0,14.5,0.0,0.0,0.0,2.5,0.0,1.0,0.0,14.5,0.0,0.0,0.0,2.5,0.0,1.0,1.0,0.0,0.0
17,1.0,0.0,15.5,0.0,0.0,0.0,2.5,0.0,1.0,0.0,15.5,0.0,0.0,0.0,2.5,0.0,1.0,1.0,0.0,0.0
18,1.0,0.0,16.5,0.0,0.0,0.0,2.5,0.0,1.0,0.0,16.5,0.0,0.0,0.0,2.5,0.0,1.0,1.0,0.0,0.0
19,1.0,0.0,17.5,0.0,0.0,0.0,2.5,0.0,1.0,0.0,17.5,0.0,0.0,0.0,2.5,0.0,1.0,1.0,0.0,0.0
20,1.0,0.0,18.5,0.0,0.0,0.0,2.5,0.0,1.0,0.0,18.5,0.0,0.0,0.0,2.5,0.0,1.0,1.0,0.0,0.0
21,1.0,0.0,19.5,0.0,0.0,0.0,2.5,0.0,1.0,0.0,19.5,0.0,0.0,0.0,2.5,0.0,1.0,1.0,0.0,0.0
22,1.0,0.0,20.5,0.0,0.0,0.0,2.5,0.0,1.0,0.0,20.5,0.0,0.0,0.0,2.5,0.0,1.0,1.0,0.0,0.0
23,1.0,0.0,21.5,0.0,0.0,0.0,2.5,0.0,1.0,0.0,21.5,0.0,0.0,0.0,2.5,0.0,1.0,1.0,0.0,0.0
24,1.0,0.0,22.5,0.0,0.0,0.0,2.5,0.0,1.0,0.0,22.5,0.0,0.0,0.0,2.5,0.0,1.0,1.0,0.0,0.0
25,1.0,0.0,23.5,0.0,0.0,0.0,2.5,0.0,1.0,0.0,23.5,0.0,0.0,0.0,2.5,0.0,1.0,1.0,0.0,0.0
26,1.0,0.0,24.5,0.0,0.0,0.0,2.5,0.0,1.0,0.0,24.5,0.0,0.0,0.0,2.5,0.0,1.0,1.0,0.0,0.0
27,1.0,0.0,25.5,0.0,0.0,0.0,2.5,0.0,1.0,0.0,25.5,0.0,0.0,0.0,2.5,0.0,1.0,1.0,0.0,0.0
28,1.0,0.0,26.5,0.0,0.0,0.0,2.5,0.0,1.0,0.0,26.5,0.0,0.0,0.0,2.5,0.0,1.0,1.0,0.0,0.0
29,1.0,0.0,27.5,0.0,0.0,0.0,2.5,0.0,1.0,0.0,27.5,0.0,0.0,0.0,2.5,0.0,1.0,1.0,0.0,0.0
30,1.0,0.0,28.5,0.0,0.0,0.0,2.5,0.0,1.0,0.0,28.5,0.0,0.0,0.0,2.5,0.0,1.0,1.0,0.0,0.0
31,1.0,0.0,29.5,0.0,0.0,0.0,2.5,0.0,1.0,0.0,29.5,0.0,0.0,0.0,2.5,0.0,1.0,1.0,0.0,0.0
32,1.0,0.0,30.5,0.0,0.0,0.0,2.5,0.0,1.0,0.0,30.5,0.0,0.0,0.0,2.5,0.0,1.0,1.0,0.0,0.0
33,1.0,0.0,31.5,0.0,0.0,0.0,2.5,0.0,1.0,0.0,31.5,0.0,0.0,0.0,2.5,0.0,1.0,1.0,0.0,0.0
34,1.0,0.0,32.5,0.0,0.0,0.0,2.5,0.0,1.0,0.0,32.5,0.0,0.0,0.0,2.5,0.0,1.0,1.0,0.0,0.0
35,1.0,0.0,33.5,0.0,0.0,0.0,2.5,0.0,1.0,0.0,33.5,0.0,0.0,0.0,2.5,0.0,1.0,1.0,0.0,0.0
36,1.0,0.0,34.5,0.0,0.0,0.0,2.5,0.0,1.0,0.0,34.5,0.0,0.0,0.0,2.5,0.0,1.0,1.0,0.0,0.0
37,1.0,0.0,35.5,0.0,0.0,0.0,2.5,0.0,1.0,0.0,35.5,0.0,0.0,0.0,2.5,0.0,1.0,1.0,0.0,0.0
38,1.0,0.0,36.5,0.0,0.0,0.0,2.5,0.0,1.0,0.0,36.5,0.0,0.0,0.0,2.5,0.0,1.0,1.0,0.0,0.0
39,1.0,0.0,37.5,0.0,0.0,0.0,2.5,0.0,1.0,0.0,37.5,0.0,0.0,0.0,2.5,0.0,1.0,1.0,0.0,0.0
40,1.0,0.0,38.5,0.0,0.0,0.0,2.5,0.0,1.0,0.0,38.5,0.0,0.0,0.0,2.5,0.0,1.0,1.0,0.0,0.0
41,1.0,0.0,39.5,0.0,0.0,0.0,2.5,0.0,1.0,0.0,39.5,0.0,0.0,0.0,2.5,0.0,1.0,1.0,0.0,0.0
42,1.0,0.0,40.5,0.0,0.0,0.0,2.5,0.0,1.0,0.0,40.5,0.0,0.0,0.0,2.5,0.0,1.0,1.0,0.0,0.0
43,1.0,0.0,41.5,0.0,0.0,0.0,2.5,0.0,1.0,0.0,41.5,0.0,0.0,0.0,2.5,0.0,1.0,1.0,0.0,0.0
44,1.0,0.0,42.5,0.0,0.0,0.0,2.5,0.0,1.0,0.0,42.5,0.0,0.0,0.0,2.5,0.0,1.0,1.0,0.0,0.0
45,1.0,0.0,43.5,0.0,0.0,0.0,2.5,0.0,1.0,0.0,43.5,0.0,0.0,0.0,2.5,0.0,1.0,1.0,0.0,0.0
46,1.0,0.0,44.5,0.0,0.0,0.0,2.5,0.0,1.0,0.0,44.5,0.0,0.0,0.0,2.5,0.0,1.0,1.0,0.0,0.0
47,1.0,0.0,45.5,0.0,0.0,0.0,2.5,0.0,1.0,0.0,45.5,0.0,0.0,0.0,2.5,0.0,1.0,1.0,0.0,0.0
48,1.0,0.0,46.5,0.0,0.0,0.0,2.5,0.0,1.0,0.0,46.5,0.0,0.0,0.0,2.5,0.0,1.0,1.0,0.0,0.0
49,1.0,0.0,47.5,0.0,0.0,0.0,2.5,0.0,1.0,0.0,47.5,0.0,0.0,0.0,2.5,0.0,1.0,1.0,0.0,0.0
50,1.0,0.0,48.5,0.0,0.0,0.0,2.5,0.0,1.0,0.0,48.5,0.0,0.0,0.0,2.5,0.0,1.0,1.0,0.0,0.0
51,1.0,0.0,49.5,0.0,0.0,0.0,2.5,0.0,1.0,0.0,49.5,0.0,0.0,0.0,2.5,0.0,1.0,1.0,0.0,0.0
52,1.0,0.0,50.5,0.0,0.0,0.0,2.5,0.0,1.0,0.0,50.5,0.0,0.0,0.0,2.5,0.0,1.0,1.0,0.0,0.0
53,1.0,0.0,51.5,0.0,0.0,0.0,2.5,0.0,1.0,0.0,51.5,0.0,0.0,0.0,2.5,0.0,1.0,1.0,0.0,0.0
54,1.0,0.0,52.5,0.0,0.0,0.0,2.5,0.0,1.0,0.0,52.5,0.0,0.0,0.0,2.5,0.0,1.0,1.0,0.0,0.0
55,1.0,0.0,53.5,0.0,0.0,0.0,2.5,0.0,1.0,0.0,53.5,0.0,0.0,0.0,2.5,0.0,1.0,1.0,0.0,0.0
56,1.0,0.0,54.5,0.0,0.0,0.0,2.5,0.0,1.0,0.0,54.5,0.0,0.0,0.0,2.5,0.0,1.0,1.0,0.0,0.0
57,1.0,0.0,55.5,0.0,0.0,0.0,2.5,0.0,1.0,0.0,55.5,0.0,0.0,0.0,2.5,0.0,1.0,1.0,0.0,0.0
58,1.0,0.0,56.5,0.0,0.0,0.0,2.5,0.0,1.0,0.0,56.5,0.0,0.0,0.0,2.5,0.0,1.0,1.0,0.0,0.0
59,1.0,0.0,57.5,0.0,0.0,0.0,2.5,0.0,1.0,0.0,57.5,0.0,0.0,0.0,2.5,0.0,1.0,1.0,0.0,0.0
60,1.0,0.0,58.5,0.0,0.0,0.0,2.5,0.0,1.0,0.0,58.5,0.0,0.0,0.0,2.5,0.0,1.0,1.0,0.0,0.0
61,1.0,0.0,59.5,0.0,0.0,0.0,2.5,0.0,1.0,0.0,59.5,0.0,0.0,0.0,2.5,0.0,1.0,1.0,0.0,0.0
62,1.0,0.0,60.5,0.0,0.0,0.0,2.5,0.0,1.0,0.0,60.5,0.0,0.0,0.0,2.5,0.0,1.0,1.0,0.0,0.0
63,1.0,0.0,61.5,0.0,0.0,0.0,2.5,0.0,1.0,0.0,61.5,0.0,0.0,0.0,2.5,0.0,1.0,1.0,0.0,0.0
64,1.0,0.0,62.5,0.0,0.0,0.0,2.5,0.0,1.0,0.0,62.5,0.0,0.0,0.0,2.5,0.0,1.0,1.0,0.0,0.0
65,1.0,0.0,63.5,0.0,0.0,0.0,2.5,0.0,1.0,0.0,63.5,0.0,0.0,0.0,2.5,0.0,1.0,1.0,0.0,0.0
66,1.0,0.0,64.5,0.0,0.0,0.0,2.5,0.0,1.0,0.0,64.5,0.0,0.0,0.0,2.5,0.0,1.0,1.0,0.0,0.0
67,1.0,0.0,65.5,0.0,0.0,0.0,2.5,0.0,1.0,0.0,65.5,0.0,0.0,0.0,2.5,0.0,1.0,1.0,0.0,0.0
68,1.0,0.0,66.5,0.0,0.0,0.0,2.5,0.0,1.0,0.0,66.5,0.0,0.0,0.0,2.5,0.0,1.0,1.0,0.0,0.0
69,1.0,0.0,67.5,0.0,0.0,0.0,2.5,0.0,1.0,0.0,67.5,0.0,0.0,0.0,2.5,0.0,1.0,1.0,0.0,0.0
70,1.0,0.0,68.5,0.0,0.0,0.0,2.5,0.0,1.0,0.0,68.5,0.0,0.0,0.0,2.5,0.0,1.0,1.0,0.0,0.0
71,1.0,0.0,69.5,0.0,0.0,0.0,2.5,0.0,1.0,0.0,69.5,0.0,0.0,0.0,2.5,0.0,1.0,1.0,0.0,0.0
72,1.0,0.0,70.5,0.0,0.0,0.0,2.5,0.0,1.0,0.0,70.5,0.0,0.0,0.0,2.5,0.0,1.0,1.0,0.0,0.0
73,1.0,0.0,71.5,0.0,0.0,0.0,2.5,0.0,1.0,0.0,71.5,0.0,0.0,0.0,2.5,0.0,1.0,1.0,0.0,0.0
74,1.0,0.0,72.5,0.0,0.0,0.0,2.5,0.0,1.0,0.0,72.5,0.0,0.0,0.0,2.5,0.0,1.0,1.0,0.0,0.0
75,1.0,0.0,73.5,0.0,0.0,0.0,2.5,0.0,1.0,0.0,73.5,0.0,0.0,0.0,2.5,0.0,1.0,1.0,0.0,0.0
76,1.0,0.0,74.5,0.0,0.0,0.0,2.5,0.0,1.0,0.0,74.5,0.0,0.0,0.0,2.5,0.0,1.0,1.0,0.0,0.0
77,1.0,0.0,75.5,0.0,0.0,0.0,2.5,0.0,1.0,0.0,75.5,0.0,0.0,0.0,2.5,0.0,1.0,1.0,0.0,0.0
78,1.0,0.0,76.5,0.0,0.0,0.0,2.5,0.0,1.0,0.0,76.5,0.0,0.0,0.0,2.5,0.0,1.0,1.0,0.0,0.0
79,1.0,0.0,77.5,0.0,0.0,0.0,2.5,0.0,1.0,0.0,77.5,0.0,0.0,0.0,2.5,0.0,1.0,1.0,0.0,0.0
80,1.0,0.0,78.5,0.0,0.0,0.0,2.5,0.0,1.0,0.0,78.5,0.0,0.0,0.0,2.5,0.0,1.0,1.0,0.0,0.0
81,1.0,0.0,79.5,0.0,0.0,0.0,2.5,0.0,1.0,0.0,79.5,0.0,0.0,0.0,2.5,0.0,1.0,1.0,0.0,0.0
82,1.0,0.0,80.5,0.0,0.0,0.0,2.5,0.0,1.0,0.0,80.5,0.0,0.0,0.0,2.5,0.0,1.0,1.0,0.0,0.0
83,1.0,0.0,81.5,0.0,0.0,0.0,2.5,0.0,1.0,0.0,81.5,0.0,0.0,0.0,2.5,0.0,1.0,1.0,0.0,0.0
84,1.0,0.0,82.5,0.0,0.0,0.0,2.5,0.0,1.0,0.0,82.5,0.0,0.0,0.0,2.5,0.0,1.0,1.0,0.0,0.0
85,1.0,0.0,83.5,0.0,0.0,0.0,2.5,0.0,1.0,0.0,83.5,0.0,0.0,0.0,2.5,0.0,1.0,1.0,0.0,0.0
86,1.0,0.0,84.5,0.0,0.0,0.0,2.5,0.0,1.0,0.0,84.5,0.0,0.0,0.0,2.5,0.0,1.0,1.0,0.0,0.0
87,1.0,0.0,85.5,0.0,0.0,0.0,2.5,0.0,1.0,0.0,85.5,0.0,0.0,0.0,2.5,0.0,1.0,1.0,0.0,0.0
88,1.0,0.0,86.5,0.0,0.0,0.0,2.5,0.0,1.0,0.0,86.5,0.0,0.0,0.0,2.5,0.0,1.0,1.0,0.0,0.0
89,1.0,0.0,87.5,0.0,0.0,0.0,2.5,0.0,1.0,0.0,87.5,0.0,0.0,0.0,2.5,0.0,1.0,1.0,0.0,0.0
90,1.0,0.0,88.5,0.0,0.0,0.0,2.5,0.0,1.0,0.0,88.5,0.0,0.0,0.0,2.5,0.0,1.0,1.0,0.0,0.0
91,1.0,0.0,89.5,0.0,0.0,0.0,2.5,0.0,1.0,0.0,89.5,0.0,0.0,0.0,2.5,0.0,1.0,1.0,0.0,0.0
92,1.0,0.0,90.5,0.0,0.0,0.0,2.5,0.0,1.0,0.0,90.5,0.0,0.0,0.0,2.5,0.0,1.0,1.0,0.0,0.0
93,1.0,0.0,91.5,0.0,0.0,0.0,2.5,0.0,1.0,0.0,91.5,0.0,0.0,0.0,2.5,0.0,1.0,1.0,0.0,0.0
94,1.0,0.0,92.5,0.0,0.0,0.0,2.5,0.0,1.0,0.0,92.5,0.0,0.0,0.0,2.5,0.0,1.0,1.0,0.0,0.0
95,1.0,0.0,93.5,0.0,0.0,0.0,2.5,0.0,1.0,0.0,93.5,0.0,0.0,0.0,2.5,0.0,1.0,1.0,0.0,0.0
96,1.0,0.0,94.5,0.0,0.0,0.0,2.5,0.0,1.0,0.0,94.5,0.0,0.0,0.0,2.5,0.0,1.0,1.0,0.0,0.0
97,1.0,0.0,95.5,0.0,0.0,0.0,2.5,0.0,1.0,0.0,95.5,0.0,0.0,0.0,2.5,0.0,1.0,1.0,0.0,0.0
98,1.0,0.0,96.5,0.0,0.0,0.0,2.5,0.0,1.0,0.0,96.5,0.0,0.0,0.0,2.5,0.0,1.0,1.0,0.0,0.0
99,1.0,0.0,97.5,0.0,0.0,0.0,2.5,0.0,1.0,0.0,97.5,0.0,0.0,0.0,2.5,0.0,1.0,1.0,0.0,0.0
100,1.0,0.0,98.5,0.0,0.0,0.0,2.5,0.0,1.0,0.0,98.5,0.0,0.0,0.0,2.5,0.0,1.0,1.0,0.0,0.0
101,1.0,0.0,99.5,0.0,0.0,0.0,2.5,0.0,1.0,0.0,99.5,0.0,0.0,0.0,2.5,0.0,1.0,1.0,0.0,0.0
102,1.0,0.0,100.5,0.0,0.0,0.0,2.5,0.0,1.0,0.0,100.5,0.0,0.0,0.0,2.5,0.0,1.0,1.0,0.0,0.0
103,1.0,0.0,101.5,0.0,0.0,0.0,2.5,0.0,1.0,0.0,101.5,0.0,0.0,0.0,2.5,0.0,1.0,1.0,0.0,0.0
104,1.0,0.0,102.5,0.0,0.0,0.0,2.5,0.0,1.0,0.0,102.5,0.0,0.0,0.0,2.5,0.0,1.0,1.0,0.0,0.0
105,1.0,0.0,103.5,0.0,0.0,0.0,2.5,0.0,1.0,0.0,103.5,0.0,0.0,0.0,2.5,0.0,1.0,1.0,0.0,0.0
106,1.0,0.0,104.5,0.0,0.0,0.0,2.5,0.0,1.0,0.0,104.5,0.0,0.0,0.0,2.5,0.0,1.0,1.0,0.0,0.0
107,1.0,0.0,105.5,0.0,0.0,0.0,2.5,0.0,1.0,0.0,105.5,0.0,0.0,0.0,2.5,0.0,1.0,1.0,0.0,0.0
108,1.0,0.0,106.5,0.0,0.0,0.0,2.5,0.0,1.0,0.0,106.5,0.0,0.0,0.0,2.5,0.0,1.0,1.0,0.0,0.0
109,1.0,0.0,107.5,0.0,0.0,0.0,2.5,0.0,1.0,0.0,107.5,0.0,0.0,0.0,2.5,0.0,1.0,1.0,0.0,0.0
110,1.0,0.0,108.5,0.0,0.0,0.0,2.5,0.0,1.0,0.0,108.5,0.0,0.0,0.0,2.5,0.0,1.0,1.0,0.0,0.0
111,1.0,0.0,109.5,0.0,0.0,0.0,2.5,0.0,1.0,0.0,109.5,0.0,0.0,0.0,2.5,0.0,1.0,1.0,0.0,0.0
112,1.0,0.0,110.5,0.0,0.0,0.0,2.5,0.0,1.0,0.0,110.5,0.0,0.0,0.0,2.5,0.0,1.0,1.0,0.0,0.0
113,1.0,0.0,111.5,0.0,0.0,0.0,2.5,0.0,1.0,0.0,111.5,0.0,0.0,0.0,2.5,0.0,1.0,1.0,0.0,0.0
114,1.0,0.0,112.5,0.0,0.0,0.0,2.5,0.0,1.0,0.0,112.5,0.0,0.0,0.0,2.5,0.0,1.0,1.0,0.0,0.0
115,1.0,0.0,113.5,0.0,0.0,0.0,2.5,0.0,1.0,0.0,113.5,0.0,0.0,0.0,2.5,0.0,1.0,1.0,0.0,0.0
116,1.0,0.0,114.5,0.0,0.0,0.0,2.5,0.0,1.0,0.0,114.5,0.0,0.0,0.0,2.5,0.0,1.0,1.0,0.0,0.0
117,1.0,0.0,115.5,0.0,0.0,0.0,2.5,0.0,1.0,0.0,115.5,0.0,0.0,0.0,2.5,0.0,1.0,1.0,0.0,0.0
118,1.0,0.0,116.5,0.0,0.0,0.0,2.5,0.0,1.0,0.0,116.5,0.0,0.0,0.0,2.5,0.0,1.0,1.0,0.0,0.0
119,1.0,0.0,117.5,0.0,0.0,0.0,2.5,0.0,1.0,0.0,117.5,0.0,0.0,0.0,2.5,0.0,1.0,1.0,0.0,0.0
120,1.0,0.0,118.5,0.0,0.0,0.0,2.5,0.0,1.0,0.0,118.5,0.0,0.0,0.0,2.5,0.0,1.0,1.0,0.0,0.0
121,1.0,0.0,119.5,0.0,0.0,0.0,2.5,0.0,1.0,0.0,119.5,0.0,0.0,0.0,2.5,0.0,1.0,1.0,0.0,0.0
122,1.0,0.0,120.5,0.0,0.0,0.0,2.5,0.0,1.0,0.0,120.5,0.0,0.0,0.0,2.5,0.0,1.0,1.0,0.0,0.0
123,1.0,0.0,121.5,0.0,0.0,0.0,2.5,0.0,1.0,0.0,121.5,0.0,0.0,0.0,2.5,0.0,1.0,1.0,0.0,0.0
124,1.0,0.0,122.5,0.0,0.0,0.0,2.5,0.0,1.0,0.0,122.5,0.0,0.0,0.0,2.5,0.0,1.0,1.0,0.0,0.0
125,1.0,0.0,123.5,0.0,0.0,0.0,2.5,0.0,1.0,0.0,123.5,0.0,0.0,0.0,2.5,0.0,1.0,1.0,0.0,0.0
126,1.0,0.0,124.5,0.0,0.0,0.0,2.5,0.0,1.0,0.0,124.5,0.0,0.0,0.0,2.5,0.0,1.0,1.0,0.0,0.0
127,1.0,0.0,125.5,0.0,0.0,0.0,2.5,0.0,1.0,0.0,125.5,0.0,0.0,0.0,2.5,0.0,1.0,1.0,0.0,0.0
128,1.0,0.0,126.5,0.0,0.0,0.0,2.5,0.0,1.0,0.0,126.5,0.0,0.0,0.0,2.5,0.0,1.0,1.0,0.0,0.0
129,1.0,0.0,127.5,0.0,0.0,0.0,2.5,0.0,1.0,0.0,127.5,0.0,0.0,0.0,2.5,0.0,1.0,1.0,0.0,0.0
130,1.0,0.0,128.5,0.0,0.0,0.0,2.5,0.0,1.0,0.0,128.5,0.0,0.0,0.0,2.5,0.0,1.0,1.0,0.0,0.0
131,1.0,0.0,129.5,0.0,0.0,0.0,2.5,0.0,1.0,0.0,129.5,0.0,0.0,0.0,2.5,0.0,1.0,1.0,0.0,0.0
132,1.0,0.0,130.5,0.0,0.0,0.0,2.5,0.0,1.0,0.0,130.5,0.0,0.0,0.0,2.5,0.0,1.0,1.0,0.0,0.0
133,1.0,0.0,131.5,0.0,0.0,0.0,2.5,0.0,1.0,0.0,131.5,0.0,0.0,0.0,2.5,0.0,1.0,1.0,0.0,0.0
134,1.0,0.0,132.5,0.0,0.0,0.0,2.5,0.0,1.0,0.0,132.5,0.0,0.0,0.0,2.5,0.0,1.0,1.0,0.0,0.0
135,1.0,0.0,133.5,0.0,0.0,0.0,2.5,0.0,1.0,0.0,133.5,0.0,0.0,0.0,2.5,0.0,1.0,1.0,0.0,0.0
136,1.0,0.0,134.5,0.0,0.0,0.0,2.5,0.0,1.0,0.0,134.5,0.0,0.0,0.0,2.5,0.0,1.0,1.0,0.0,0.0
137,1.0,0.0,135.5,0.0,0.0,0.0,2.5,0.0,1.0,0.0,135.5,0.0,0.0,0.0,2.5,0.0,1.0,1.0,0.0,0.0
138,1.0,0.0,136.5,0.0,0.0,0.0,2.5,0.0,1.0,0.0,136.5,0.0,0.0,0.0,2.5,0.0,1.0,1.0,0.0,0.0
139,1.0,0.0,137.5,0.0,0.0,0.0,2.5,0.0,1.0,0.0,137.5,0.0,0.0,0.0,2.5,0.0,1.0,1.0,0.0,0.0
140,1.0,0.0,138.5,0.0,0.0,0.0,2.5,0.0,1.0,0.0,138.5,0.0,0.0,0.0,2.5,0.0,1.0,1.0,0.0,0.0
141,1.0,0.0,139.5,0.0,0.0,0.0,2.5,0.0,1.0,0.0,139.5,0.0,0.0,0.0,2.5,0.0,1.0,1.0,0.0,0.0
142,1.0,0.0,140.5,0.0,0.0,0.0,2.5,0.0,1.0,0.0,140.5,0.0,0.0,0.0,2.5,0.0,1.0,1.0,0.0,0.0
143,1.0,0.0,141.5,0.0,0.0,0.0,2.5,0.0,1.0,0.0,141.5,0.0,0.0,0.0,2.5,0.0,1.0,1.0,0.0,0.0
144,1.0,0.0,142.5,0.0,0.0,0.0,2.5,0.0,1.0,0.0,142.5,0.0,0.0,0.0,2.5,0.0,1.0,1.0,0.0,0.0
145,1.0,0.0,143.5,0.0,0.0,0.0,2.5,0.0,1.0,0.0,143.5,0.0,0.0,0.0,2.5,0.0,1.0,1.0,0.0,0.0
146,1.0,0.0,144.5,0.0,0.0,0.0,2.5,0.0,1.0,0.0,144.5,0.0,0.0,0.0,2.5,0.0,1.0,1.0,0.0,0.0
147,1.0,0.0,145.5,0.0,0.0,0.0,2.5,0.0,1.0,0.0,145.5,0.0,0.0,0.0,2.5,0.0,1.0,1.0,0.0,0.0
148,1.0,0.0,146.5,0.0,0.0,0.0,2.5,0.0,1.0,0.0,146.5,0.0,0.0,0.0,2.5,0.0,1.0,1.0,0.0,0.0
149,1.0,0.0,147.5,0.0,0.0,0.0,2.5,0.0,1.0,0.0,147.5,0.0,0.0,0.0,2.5,0.0,1.0,1.0,0.0,0.0
150,1.0,0.0,148.5,0.0,0.0,0.0,2.5,0.0,1.0,0.0,148.5,0.0,0.0,0.0,2.5,0.0,1.0,1.0,0.0,0.0
151,1.0,0.0,149.5,0.0,0.0,0.0,2.5,0.0,1.0,0.0,149.5,0.0,0.0,0.0,2.5,0.0,1.0,1.0,0.0,0.0
152,1.0,0.0,150.5,0.0,0.0,0.0,2.5,0.0,1.0,0.0,150.5,0.0,0.0,0.0,2.5,0.0,1.0,1.0,0.0,0.0
153,1.0,0.0,151.5,0.0,0.0,0.0,2.5,0.0,1.0,0.0,151.5,0.0,0.0,0.0,2.5,0.0,1.0,1.0,0.0,0.0
154,1.0,0.0,152.5,0.0,0.0,0.0,2.5,0.0,1.0,0.0,152.5,0.0,0.0,0.0,2.5,0.0,1.0,1.0,0.0,0.0
155,1.0,0.0,153.5,0.0,0.0,0.0,2.5,0.0,1.0,0.0,153.5,0.0,0.0,0.0,2.5,0.0,1.0,1.0,0.0,0.0
156,1.0,0.0,154.5,0.0,0.0,0.0,2.5,0.0,1.0,0.0,154.5,0.0,0.0,0.0,2.5,0.0,1.0,1.0,0.0,0.0
157,1.0,0.0,155.5,0.0,0.0,0.0,2.5,0.0,1.0,0.0,155.5,0.0,0.0,0.0,2.5,0.0,1.0,1.0,0.0,0.0
158,1.0,0.0,156.5,0.0,0.0,0.0,2.5,0.0,1.0,0.0,156.5,0.0,0.0,0.0,2.5,0.0,1.0,1.0,0.0,0.0
159,1.0,0.0,157.5,0.0,0.0,0.0,2.5,0.0,1.0,0.0,157.5,0.0,0.0,0.0,2.5,0.0,1.0,1.0,0.0,0.0
160,1.0,0.0,158.5,0.0,0.0,0.0,2.5,0.0,1.0,0.0,158.5,0.0,0.0,0.0,2.5,0.0,1.0,1.0,0.0,0.0
161,1.0,0.0,159.5,0.0,0.0,0.0,2.5,0.0,1.0,0.0,159.5,0.0,0.0,0.0,2.5,0.0,1.0,1.0,0.0,0.0
162,1.0,0.0,160.5,0.0,0.0,0.0,2.5,0.0,1.0,0.0,160.5,0.0,0.0,0.0,2.5,0.0,1.0,1.0,0.0,0.0
163,1.0,0.0,161.5,0.0,0.0,0.0,2.5,0.0,1.0,0.0,161.5,0.0,0.0,0.0,2.5,0.0,1.0,1.0,0.0,0.0
164,1.0,0.0,162.5,0.0,0.0,0.0,2.5,0.0,1.0,0.0,162.5,0.0,0.0,0.0,2.5,0.0,1.0,1.0,0.0,0.0
165,1.0,0.0,163.5,0.0,0.0,0.0,2.5,0.0,1.0,0.0,163.5,0.0,0.0,0.0,2.5,0.0,1.0,1.0,0.0,0.0
166,1.0,0.0,164.5,0.0,0.0,0.0,2.5,0.0,1.0,0.0,164.5,0.0,0.0,0.0,2.5,0.0,1.0,1.0,0.0,0.0
167,1.0,0.0,165.5,0.0,0.0,0.0,2.5,0.0,1.0,0.0,165.5,0.0,0.0,0.0,2.5,0.0,1.0,1.0,0.0,0.0
168,1.0,0.0,166.5,0.0,0.0,0.0,2.5,0.0,1.0,0.0,166.5,0.0,0.0,0.0,2.5,0.0,1.0,1.0,0.0,0.0
169,1.0,0.0,167.5,0.0,0.0,0.0,2.5,0.0,1.0,0.0,167.5,0.0,0.0,0.0,2.5,0.0,1.0,1.0,0.0,0.0
170,1.0,0.0,168.5,0.0,0.0,0.0,2.5,0.0,1.0,0.0,168.5,0.0,0.0,0.0,2.5,0.0,1.0,1.0,0.0,0.0
171,1.0,0.0,169.5,0.0,0.0,0.0,2.5,0.0,1.0,0.0,169.5,0.0,0.0,0.0,2.5,0.0,1.0,1.0,0.0,0.0
172,1.0,0.0,170.5,0.0,0.0,0.0,2.5,0.0,1.0,0.0,170.5,0.0,0.0,0.0,2.5,0.0,1.0,1.0,0.0,0.0
173,1.0,0.0,171.5,0.0,0.0,0.0,2.5,0.0,1.0,0.0,171.5,0.0,0.0,0.0,2.5,0.0,1.0,1.0,0.0,0.0
174,1.0,0.0,172.5,0.0,0.0,0.0,2.5,0.0,1.0,0.0,172.5,0.0,0.0,0.0,2.5,0.0,1.0,1.0,0.0,0.0
175,1.0,0.0,173.5,0.0,0.0,0.0,2.5,0.0,1.0,0.0,173.5,0.0,0.0,0.0,2.5,0.0,1.0,1.0,0.0,0.0
176,1.0,0.0,174.5,0.0,0.0,0.0,2.5,0.0,1.0,0.0,174.5,0.0,0.0,0.0,2.5,0.0,1.0,1.0,0.0,0.0
177,1.0,0.0,175.5,0.0,0.0,0.0,2.5,0.0,1.0,0.0,175.5,0.0,0.0,0.0,2.5,0.0,1.0,1.0,0.0,0.0
178,1.0,0.0,176.5,0.0,0.0,0.0,2.5,0.0,1.0,0.0,176.5,0.0,0.0,0.0,2.5,0.0,1.0,1.0,0.0,0.0
179,1.0,0.0,177.5,0.0,0.0,0.0,2.5,0.0,1.0,0.0,177.5,0.0,0.0,0.0,2.5,0.0,1.0,1.0,0.0,0.0
180,1.0,0.0,178.5,0.0,0.0,0.0,2.5,0.0,1.0,0.0,178.5,0.0,0.0,0.0,2.5,0.0,1.0,1.0,0.0,0.0
181,1.0,0.0,179.5,0.0,0.0,0.0,2.5,0.0,1.0,0.0,179.5,0.0,0.0,0.0,2.5,0.0,1.0,1.0,0.0,0.0
182,1.0,0.0,180.5,0.0,0.0,0.0,2.5,0.0,1.0,0.0,180.5,0.0,0.0,0.0,2.5,0.0,1.0,1.0,0.0,0.0
183,1.0,0.0,181.5,0.0,0.0,0.0,2.5,0.0,1.0,0.0,181.5,0.0,0.0,0.0,2.5,0.0,1.0,1.0,0.0,0.0
184,1.0,0.0,182.5,0.0,0.0,0.0,2.5,0.0,1.0,0.0,182.5,0.0,0.0,0.0,2.5,0.0,1.0,1.0,0.0,0.0
185,1.0,0.0,183.5,0.0,0.0,0.0,2.5,0.0,1.0,0.0,183.5,0.0,0.0,0.0,2.5,0.0,1.0,1.0,0.0,0.0
186,1.0,0.0,184.5,0.0,0.0,0.0,2.5,0.0,1.0,0.0,184.5,0.0,0.0,0.0,2.5,0.0,1.0,1.0,0.0,0.0
187,1.0,0.0,185.5,0.0,0.0,0.0,2.5,0.0,1.0,0.0,185.5,0.0,0.0,0.0,2.5,0.0,1.0,1.0,0.0,0.0
188,1.0,0.0,186.5,0.0,0.0,0.0,2.5,0.0,1.0,0.0,186.5,0.0,0.0,0.0,2.5,0.0,1.0,1.0,0.0,0.0
189,1.0,0.0,187.5,0.0,0.0,0.0,2.5,0.0,1.0,0.0,187.5,0.0,0.0,0.0,2.5,0.0,1.0,1.0,0.0,0.0
190,1.0,0.0,188.5,0.0,0.0,0.0,2.5,0.0,1.0,0.0,188.5,0.0,0.0,0.0,2.5,0.0,1.0,1.0,0.0,0.0
191,1.0,0.0,189.5,0.0,0.0,0.0,2.5,0.0,1.0,0.0,189.5,0.0,0.0,0.0,2.5,0.0,1.0,1.0,0.0,0.0
192,1.0,0.0,190.5,0.0,0.0,0.0,2.5,0.0,1.0,0.0,190.5,0.0,0.0,0.0,2.5,0.0,1.0,1.0,0.0,0.0
193,1.0,0.0,191.5,0.0,0.0,0.0,2.5,0.0,1.0,0.0,191.5,0.0,0.0,0.0,2.5,0.0,1.0,1.0,0.0,0.0
194,1.0,0.0,192.5,0.0,0.0,0.0,2.5,0.0,1.0,0.0,192.5,0.0,0.0,0.0,2.5,0.0,1.0,1.0,0.0,0.0
195,1.0,0.0,193.5,0.0,0.0,0.0,2.5,0.0,1.0,0.0,193.5,0.0,0.0,0.0,2.5,0.0,1.0,1.0,0.0,0.0
196,1.0,0.0,194.5,0.0,0.0,0.0,2.5,0.0,1.0,0.0,194.5,0.0,0.0,0.0,2.5,0.0,1.0,1.0,0.0,0.0
197,1.0,0.0,195.5,0.0,0.0,0.0,2.5,0.0,1.0,0.0,195.5,0.0,0.0,0.0,2.5,0.0,1.0,1.0,0.0,0.0
198,1.0,0.0,196.5,0.0,0.0,0.0,2.5,0.0,1.0,0.0,196.5,0.0,0.0,0.0,2.5,0.0,1.0,1.0,0.0,0.0
199,1.0,0.0,197.5,0.0,0.0,0.0,2.5,0.0,1.0,0.0,197.5,0.0,0.0,0.0,2.5,0.0,1.0,1.0,0.0,0.0
200,1.0,0.0,198.5,0.0,0.0,0.0,2.5,0.0,1.0,0.0,198.5,0.0,0.0,0.0,2.5,0.0,1.0,1.0,0.0,0.0
201,1.0,0.0,199.5,0.0,0.0,0.0,2.5,0.0,1.0,0.0,199.5,0.0,0.0,0.0,2.5,0.0,1.0,1.0,0.0,0.0
202,1.0,0.0,200.5,0.0,0.0,0.0,2.5,0.0,1.0,0.0,200.5,0.0,0.0,0.0,2.5,0.0,1.0,1.0,0.0,0.0
203,1.0,0.0,201.5,0.0,0.0,0.0,2.5,0.0,1.0,0.0,201.5,0.0,0.0,0.0,2.5,0.0,1.0,1.0,0.0,0.0
204,1.0,0.0,202.5,0.0,0.0,0.0,2.5,0.0,1.0,0.0,202.5,0.0,0.0,0.0,2.5,0.0,1.0,1.0,0.0,0.0
205,1.0,0.0,203.5,0.0,0.0,0.0,2.5,0.0,1.0,0.0,203.5,0.0,0.0,0.0,2.5,0.0,1.0,1.0,0.0,0.0
206,1.0,0.0,204.5,0.0,0.0,0.0,2.5,0.0,1.0,0.0,204.5,0.0,0.0,0.0,2.5,0.0,1.0,1.0,0.0,0.0
207,1.0,0.0,205.5,0.0,0.0,0.0,2.5,0.0,1.0,0.0,205.5,0.0,0.0,0.0,2.5,0.0,1.0,1.0,0.0,0.0
208,1.0,0.0,206.5,0.0,0.0,0.0,2.5,0.0,1.0,0.0,206.5,0.0,0.0,0.0,2.5,0.0,1.0,1.0,0.0,0.0
209,1.0,0.0,207.5,0.0,0.0,0.0,2.5,0.0,1.0,0.0,207.5,0.0,0.0,0.0,2.5,0.0,1.0,1.0,0.0,0.0
210,1.0,0.0,208.5,0.0,0.0,0.0,2.5,0.0,1.0,0.0,208.5,0.0,0.0,0.0,2.5,0.0,1.0,1.0,0.0,0.0
211,1.0,0.0,209.5,0.0,0.0,0.0,2.5,0.0,1.0,0.0,209.5,0.0,0.0,0.0,2.5,0.0,1.0,1.0,0.0,0.0
212,1.0,0.0,210.5,0.0,0.0,0.0,2.5,0.0,1.0,0.0,210.5,0.0,0.0,0.0,2.5,0.0,1.0,1.0,0.0,0.0
213,1.0,0.0,211.5,0.0,0.0,0.0,2.5,0.0,1.0,0.0,211.5,0.0,0.0,0.0,2.5,0.0,1.0,1.0,0.0,0.0
214,1.0,0.0,212.5,0.0,0.0,0.0,2.5,0.0,1.0,0.0,212.5,0.0,0.0,0.0,2.5,0.0,1.0,1.0,0.0,0.0
215,1.0,0.0,213.5,0.0,0.0,0.0,2.5,0.0,1.0,0.0,213.5,0.0,0.0,0.0,2.5,0.0,1.0,1.0,0.0,0.0
216,1.0,0.0,214.5,0.0,0.0,0.0,2.5,0.0,1.0,0.0,214.5,0.0,0.0,0.0,2.5,0.0,1.0,1.0,0.0,0.0
217,1.0,0.0,215.5,0.0,0.0,0.0,2.5,0.0,1.0,0.0,215.5,0.0,0.0,0.0,2.5,0.0,1.0,1.0,0.0,0.0
218,1.0,0.0,216.5,0.0,0.0,0.0,2.5,0.0,1.0,0.0,216.5,0.0,0.0,0.0,2.5,0.0,1.0,1.0,0.0,0.0
219,1.0,0.0,217.5,0.0,0.0,0.0,2.5,0.0,1.0,0.0,217.5,0.0,0.0,0.0,2.5,0.0,1.0,1.0,0.0,0.0
220,1.0,0.0,218.5,0.0,0.0,0.0,2.5,0.0,1.0,0.0,218.5,0.0,0.0,0.0,2.5,0.0,1.0,1.0,0.0,0.0
221,1.0,0.0,219.5,0.0,0.0,0.0,2.5,0.0,1.0,0.0,219.5,0.0,0.0,0.0,2.5,0.0,1.0,1.0,0.0,0.0
222,1.0,0.0,220.5,0.0,0.0,0.0,2.5,0.0,1.0,0.0,220.5,0.0,0.0,0.0,2.5,0.0,1.0,1.0,0.0,0.0
223,1.0,0.0,221.5,0.0,0.0,0.0,2.5,0.0,1.0,0.0,221.5,0.0,0.0,0.0,2.5,0.0,1.0,1.0,0.0,0.0
224,1.0,0.0,222.5,0.0,0.0,0.0,2.5,0.0,1.0,0.0,222.5,0.0,0.0,0.0,2.5,0.0,1.0,1.0,0.0,0.0
225,1.0,0.0,223.5,0.0,0.0,0.0,2.5,0.0,1.0,0.0,223.5,0.0,0.0,0.0,2.5,0.0,1.0,1.0,0.0,0.0
226,1.0,0.0,224.5,0.0,0.0,0.0,2.5,0.0,1.0,0.0,224.5,0.0,0.0,0.0,2.5,0.0,1.0,1.0,0.0,0.0
227,1.0,0.0,225.5,0.0,0.0,0.0,2.5,0.0,1.0,0.0,225.5,0.0,0.0,0.0,2.5,0.0,1.0,1.0,0.0,0.0
228,1.0,0.0,226.5,0.0,0.0,0.0,2.5,0.0,1.0,0.0,226.5,0.0,0.0,0.0,2.5,0.0,1.0,1.0,0.0,0.0
229,1.0,0.0,227.5,0.0,0.0,0.0,2.5,0.0,1.0,0.0,227.5,0.0,0.0,0.0,2.5,0.0,1.0,1.0,0.0,0.0
230,1.0,0.0,228.5,0.0,0.0,0.0,2.5,0.0,1.0,0.0,228.5,0.0,0.0,0.0,2.5,0.0,1.0,1.0,0.0,0.0
231,1.0,0.0,229.5,0.0,0.0,0.0,2.5,0.0,1.0,0.0,229.5,0.0,0.0,0.0,2.5,0.0,1.0,1.0,0.0,0.0
232,1.0,0.0,230.5,0.0,0.0,0.0,2.5,0.0,1.0,0.0,230.5,0.0,0.0,0.0,2.5,0.0,1.0,1.0,0.0,0.0
233,1.0,0.0,231.5,0.0,0.0,0.0,2.5,0.0,1.0,0.0,231.5,0.0,0.0,0.0,2.5,0.0,1.0,1.0,0.0,0.0
234,1.0,0.0,232.5,0.0,0.0,0.0,2.5,0.0,1.0,0.0,232.5,0.0,0.0,0.0,2.5,0.0,1.0,1.0,0.0,0.0
235,1.0,0.0,233.5,0.0,0.0,0.0,2.5,0.0,1.0,0.0,233.5,0.0,0.0,0.0,2.5,0.0,1.0,1.0,0.0,0.0
236,1.0,0.0,234.5,0.0,0.0,0.0,2.5,0.0,1.0,0.0,234.5,0.0,0.0,0.0,2.5,0.0,1.0,1.0,0.0,0.0
237,1.0,0.0,235.5,0.0,0.0,0.0,2.5,0.0,1.0,0.0,235.5,0.0,0.0,0.0,2.5,0.0,1.0,1.0,0.0,0.0
238,1.0,0.0,236.5,0.0,0.0,0.0,2.5,0.0,1.0,0.0,236.5,0.0,0.0,0.0,2.5,0.0,1.0,1.0,0.0,0.0
239,1.0,0.0,237.5,0.0,0.0,0.0,2.5,0.0,1.0,0.0,237.5,0.0,0.0,0.0,2.5,0.0,1.0,1.0,0.0,0.0
240,1.0,0.0,238.5,0.0,0.0,0.0,2.5,0.0,1.0,0.0,238.5,0.0,0.0,0.0,2.5,0.0,1.0,1.0,0.0,0.0
241,1.0,0.0,239.5,0.0,0.0,0.0,2.5,0.0,1.0,0.0,239.5,0.0,0.0,0.0,2.5,0.0,1.0,1.0,0.0,0.0
242,1.0,0.0,240.5,0.0,0.0,0.0,2.5,0.0,1.0,0.0,240.5,0.0,0.0,0.0,2.5,0.0,1.0,1.0,0.0,0.0
243,1.0,0.0,241.5,0.0,0.0,0.0,2.5,0.0,1.0,0.0,241.5,0.0,0.0,0.0,2.5,0.0,1.0,1.0,0.0,0.0
244,1.0,0.0,242.5,0.0,0.0,0.0,2.5,0.0,1.0,0.0,242.5,0.0,0.0,0.0,2.5,0.0,1.0,1.0,0.0,0.0
245,1.0,0.0,243.5,0.0,0.0,0.0,2.5,0.0,1.0,0.0,243.5,0.0,0.0,0.0,2.5,0.0,1.0,1.0,0.0,0.0
246,1.0,0.0,244.5,0.0,0.0,0.0,2.5,0.0,1.0,0.0,244.5,0.0,0.0,0.0,2.5,0.0,1.0,1.0,0.0,0.0
247,1.0,0.0,245.5,0.0,0.0,0.0,2.5,0.0,1.0,0.0,245.5,0.0,0.0,0.0,2.5,0.0,1.0,1.0,0.0,0.0
248,1.0,0.0,246.5,0.0,0.0,0.0,2.5,0.0,1.0,0.0,246.5,0.0,0.0,0.0,2.5,0.0,1.0,1.0,0.0,0.0
249,1.0,0.0,247.5,0.0,0.0,0.0,2.5,0.0,1.0,0.0,247.5,0.0,0.0,0.0,2.5,0.0,1.0,1.0,0.0,0.0
250,1.0,0.0,248.5,0.0,0.0,0.0,2.5,0.0,1.0,0.0,248.5,0.0,0.0,0.0,2.5,0.0,1.0,1.0,0.0,0.0
251,1.0,0.0,249.5,0.0,0.0,0.0,2.5,0.0,1.0,0.0,249.5,0.0,0.0,0.0,2.5,0.0,1.0,1.0,0.0,0.0
252,1.0,0.0,250.5,0.0,0.0,0.0,2.5,0.0,1.0,0.0,250.5,0.0,0.0,0.0,2.5,0.0,1.0,1.0,0.0,0.0
253,1.0,0.0,251.5,0.0,0.0,0.0,2.5,0.0,1.0,0.0,251.5,0.0,0.0,0.0,2.5,0.0,1.0,1.0,0.0,0.0
254,1.0,0.0,252.5,0.0,0.0,0.0,2.5,0.0,1.0,0.0,252.5,0.0,0.0,0.0,2.5,0.0,1.0,1.0,0.0,0.0
255,1.0,0.0,253.5,0.0,0.0,0.0,2.5,0.0,1.0,0.0,253.5,0.0,0.0,0.0,2.5,0.0,1.0,1.0,0.0,0.0
256,1.0,0.0,254.5,0.0,0.0,0.0,2.5,0.0,1.0,0.0,254.5,0.0,0.0,0.0,2.5,0.0,1.0,1.0,0.0,0.0
257,1.0,0.0,255.5,0.0,0.0,0.0,2.5,0.0,1.0,0.0,255.5,0.0,0.0,0.0,2.5,0.0,1.0,1.0,0.0,0.0
258,1.0,0.0,256.5,0.0,0.0,0.0,2.5,0.0,1.0,0.0,256.5,0.0,0.0,0.0,2.5,0.0,1.0,1.0,0.0,0.0
259,1.0,0.0,257.5,0.0,0.0,0.0,2.5,0.0,1.0,0.0,257.5,0.0,0.0,0.0,2.5,0.0,1.0,1.0,0.0,0.0
260,1.0,0.0,258.5,0.0,0.0,0.0,2.5,0.0,1.0,0.0,258.5,0.0,0.0,0.0,2.5,0.0,1.0,1.0,0.0,0.0
261,1.0,0.0,259.5,0.0,0.0,0.0,2.5,0.0,1.0,0.0,259.5,0.0,0.0,0.0,2.5,0.0,1.0,1.0,0.0,0.0
262,1.0,0.0,260.5,0.0,0.0,0.0,2.5,0.0,1.0,0.0,260.5,0.0,0.0,0.0,2.5,0.0,1.0,1.0,0.0,0.0
263,1.0,0.0,261.5,0.0,0.0,0.0,2.5,0.0,1.0,0.0,261.5,0.0,0.0,0.0,2.5,0.0,1.0,1.0,0.0,0.0
264,1.0,0.0,262.5,0.0,0.0,0.0,2.5,0.0,1.0,0.0,262.5,0.0,0.0,0.0,2.5,0.0,1.0,1.0,0.0,0.0
265,1.0,0.0,263.5,0.0,0.0,0.0,2.5,0.0,1.0,0.0,263.5,0.0,0.0,0.0,2.5,0.0,1.0,1.0,0.0,0.0
266,1.0,0.0,264.5,0.0,0.0,0.0,2.5,0.0,1.0,0.0,264.5,0.0,0.0,0.0,2.5,0.0,1.0,1.0,0.0,0.0
267,1.0,0.0,265.5,0.0,0.0,0.0,2.5,0.0,1.0,0.0,265.5,0.0,0.0,0.0,2.5,0.0,1.0,1.0,0.0,0.0
268,1.0,0.0,266.5,0.0,0.0,0.0,2.5,0.0,1.0,0.0,266.5,0.0,0.0,0.0,2.5,0.0,1.0,1.0,0.0,0.0
269,1.0,0.0,267.5,0.0,0.0,0.0,2.5,0.0,1.0,0.0,267.5,0.0,0.0,0.0,2.5,0.0,1.0,1.0,0.0,0.0
270,1.0,0.0,268.5,0.0,0.0,0.0,2.5,0.0,1.0,0.0,268.5,0.0,0.0,0.0,2.5,0.0,1.0,1.0,0.0,0.0
271,1.0,0.0,269.5,0.0,0.0,0.0,2.5,0.0,1.0,0.0,269.5,0.0,0.0,0.0,2.5,0.0,1.0,1.0,0.0,0.0
272,1.0,0.0,270.5,0.0,0.0,0.0,2.5,0.0,1.0,0.0,270.5,0.0,0.0,0.0,2.5,0.0,1.0,1.0,0.0,0.0
273,1.0,0.0,271.5,0.0,0.0,0.0,2.5,0.0,1.0,0.0,271.5,0.0,0.0,0.0,2.5,0.0,1.0,1.0,0.0,0.0
274,1.0,0.0,272.5,0.0,0.0,0.0,2.5,0.0,1.0,0.0,272.5,0.0,0.0,0.0,2.5,0.0,1.0,1.0,0.0,0.0
275,1.0,0.0,273.5,0.0,0.0,0.0,2.5,0.0,1.0,0.0,273.5,0.0,0.0,0.0,2.5,0.0,1.0,1.0,0.0,0.0
276,1.0,0.0,274.5,0.0,0.0,0.0,2.5,0.0,1.0,0.0,274.5,0.0,0.0,0.0,2.5,0.0,1.0,1.0,0.0,0.0
277,1.0,0.0,275.5,0.0,0.0,0.0,2.5,0.0,1.0,0.0,275.5,0.0,0.0,0.0,2.5,0.0,1.0,1.0,0.0,0.0
278,1.0,0.0,276.5,0.0,0.0,0.0,2.5,0.0,1.0,0.0,276.5,0.0,0.0,0.0,2.5,0.0,1.0,1.0,0.0,0.0
279,1.0,0.0,277.5,0.0,0.0,0.0,2.5,0.0,1.0,0.0,277.5,0.0,0.0,0.0,2.5,0.0,1.0,1.0,0.0,0.0
280,1.0,0.0,278.5,0.0,0.0,0.0,2.5,0.0,1.0,0.0,278.5,0.0,0.0,0.0,2.5,0.0,1.0,1.0,0.0,0.0
281,1.0,0.0,279.5,0.0,0.0,0.0,2.5,0.0,1.0,0.0,279.5,0.0,0.0,0.0,2.5,0.0,1.0,1.0,0.0,0.0
282,1.0,0.0,280.5,0.0,0.0,0.0,2.5,0.0,1.0,0.0,280.5,0.0,0.0,0.0,2.5,0.0,1.0,1.0,0.0,0.0
283,1.0,0.0,281.5,0.0,0.0,0.0,2.5,0.0,1.0,0.0,281.5,0.0,0.0,0.0,2.5,0.0,1.0,1.0,0.0,0.0
284,1.0,0.0,282.5,0.0,0.0,0.0,2.5,0.0,1.0,0.0,282.5,0.0,0.0,0.0,2.5,0.0,1.0,1.0,0.0,0.0
285,1.0,0.0,283.5,0.0,0.0,0.0,2.5,0.0,1.0,0.0,283.5,0.0,0.0,0.0,2.5,0.0,1.0,1.0,0.0,0.0
286,1.0,0.0,284.5,0.0,0.0,0.0,2.5,0.0,1.0,0.0,284.5,0.0,0.0,0.0,2.5,0.0,1.0,1.0,0.0,0.0
287,1.0,0.0,285.5,0.0,0.0,0.0,2.5,0.0,1.0,0.0,285.5,0.0,0.0,0.0,2.5,0.0,1.0,1.0,0.0,0.0
288,1.0,0.0,286.5,0.0,0.0,0.0,2.5,0.0,1.0,0.0,286.5,0.0,0.0,0.0,2.5,0.0,1.0,1.0,0.0,0.0
289,1.0,0.0,287.5,0.0,0.0,0.0,2.5,0.0,1.0,0.0,287.5,0.0,0.0,0.0,2.5,0.0,1.0,1.0,0.0,0.0
290,1.0,0.0,288.5,0.0,0.0,0.0,2.5,0.0,1.0,0.0,288.5,0.0,0.0,0.0,2.5,0.0,1.0,1.0,0.0,0.0
291,1.0,0.0,289.5,0.0,0.0,0.0,2.5,0.0,1.0,0.0,289.5,0.0,0.0,0.0,2.5,0.0,1.0,1.0,0.0,0.0
292,1.0,0.0,290.5,0.0,0.0,0.0,2.5,0.0,1.0,0.0,290.5,0.0,0.0,0.0,2.5,0.0,1.0,1.0,0.0,0.0
293,1.0,0.0,291.5,0.0,0.0,0.0,2.5,0.0,1.0,0.0,291.5,0.0,0.0,0.0,2.5,0.0,1.0,1.0,0.0,0.0
294,1.0,0.0,292.5,0.0,0.0,0.0,2.5,0.0,1.0,0.0,292.5,0.0,0.0,0.0,2.5,0.0,1.0,1.0,0.0,0.0
295,1.0,0.0,293.5,0.0,0.0,0.0,2.5,0.0,1.0,0.0,293.5,0.0,0.0,0.0,2.5,0.0,1.0,1.0,0.0,0.0
296,1.0,0.0,294.5,0.0,0.0,0.0,2.5,0.0,1.0,0.0,294.5,0.0,0.0,0.0,2.5,0.0,1.0,1.0,0.0,0.0
297,1.0,0.0,295.5,0.0,0.0,0.0,2.5,0.0,1.0,0.0,295.5,0.0,0.0,0.0,2.5,0.0,1.0,1.0,0.0,0.0
298,1.0,0.0,296.5,0.0,0.0,0.0,2.5,0.0,1.0,0.0,296.5,0.0,0.0,0.0,2.5,0.0,1.0,1.0,0.0,0.0
299,1.0,0.0,297.5,0.0,0.0,0.0,2.5,0.0,1.0,0.0,297.5,0.0,0.0,0.0,2.5,0.0,1.0,1.0,0.0,0.0
300,1.0,0.0,298.5,0.0,0.0,0.0,2.5,0.0,1.0,0.0,298.5,0.0,0.0,0.0,2.5,0.0,1.0,1.0,0.0,0.0
301,1.0,0.0,299.5,0.0,0.0,0.0,2.5,0.0,1.0,0.0,299.5,0.0,0.0,0.0,2.5,0.0,1.0,1.0,0.0,0.0
302,1.0,0.0,300.5,0.0,0.0,0.0,2.5,0.0,1.0,0.0,300.5,0.0,0.0,0.0,2.5,0.0,1.0,1.0,0.0,0.0
303,1.0,0.0,301.5,0.0,0.0,0.0,2.5,0.0,1.0,0.0,301.5,0.0,0.0,0.0,2.5,0.0,1.0,1.0,0.0,0.0
304,1.0,0.0,302.5,0.0,0.0,0.0,2.5,0.0,1.0,0.0,302.5,0.0,0.0,0.0,2.5,0.0,1.0,1.0,0.0,0.0
305,1.0,0.0,303.5,0.0,0.0,0.0,2.5,0.0,1.0,0.0,303.5,0.0,0.0,0.0,2.5,0.0,1.0,1.0,0.0,0.0
306,1.0,0.0,304.5,0.0,0.0,0.0,2.5,0.0,1.0,0.0,304.5,0.0,0.0,0.0,2.5,0.0,1.0,1.0,0.0,0.0
307,1.0,0.0,305.5,0.0,0.0,0.0,2.5,0.0,1.0,0.0,305.5,0.0,0.0,0.0,2.5,0.0,1.0,1.0,0.0,0.0
308,1.0,0.0,306.5,0.0,0.0,0.0,2.5,0.0,1.0,0.0,306.5,0.0,0.0,0.0,2.5,0.0,1.0,1.0,0.0,0.0
309,1.0,0.0,307.5,0.0,0.0,0.0,2.5,0.0,1.0,0.0,307.5,0.0,0.0,0.0,2.5,0.0,1.0,1.0,0.0,0.0
310,1.0,0.0,308.5,0.0,0.0,0.0,2.5,0.0,1.0,0.0,308.5,0.0,0.0,0.0,2.5,0.0,1.0,1.0,0.0,0.0
311,1.0,0.0,309.5,0.0,0.0,0.0,2.5,0.0,1.0,0.0,309.5,0.0,0.0,0.0,2.5,0.0,1.0,1.0,0.0,0.0
312,1.0,0.0,310.5,0.0,0.0,0.0,2.5,0.0,1.0,0.0,310.5,0.0,0.0,0.0,2.5,0.0,1.0,1.0,0.0,0.0
313,1.0,0.0,311.5,0.0,0.0,0.0,2.5,0.0,1.0,0.0,311.5,0.0,0.0,0.0,2.5,0.0,1.0,1.0,0.0,0.0
314,1.0,0.0,312.5,0.0,0.0,0.0,2.5,0.0,1.0,0.0,312.5,0.0,0.0,0.0,2.5,0.0,1.0,1.0,0.0,0.0
315,1.0,0.0,313.5,0.0,0.0,0.0,2.5,0.0,1.0,0.0,313.5,0.0,0.0,0.0,2.5,0.0,1.0,1.0,0.0,0.0
316,1.0,0.0,314.5,0.0,0.0,0.0,2.5,0.0,1.0,0.0,314.5,0.0,0.0,0.0,2.5,0.0,1.0,1.0,0.0,0.0
317,1.0,0.0,315.5,0.0,0.0,0.0,2.5,0.0,1.0,0.0,315.5,0.0,0.0,0.0,2.5,0.0,1.0,1.0,0.0,0.0
318,1.0,0.0,316.5,0.0,0.0,0.0,2.5,0.0,1.0,0.0,316.5,0.0,0.0,0.0,2.5,0.0,1.0,1.0,0.0,0.0
319,1.0,0.0,317.5,0.0,0.0,0.0,2.5,0.0,1.0,0.0,317.5,0.0,0.0,0.0,2.5,0.0,1.0,1.0,0.0,0.0
320,1.0,0.0,318.5,0.0,0.0,0.0,2.5,0.0,1.0,0.0,318.5,0.0,0.0,0.0,2.5,0.0,1.0,1.0,0.0,0.0
321,1.0,0.0,319.5,0.0,0.0,0.0,2.5,0.0,1.0,0.0,319.5,0.0,0.0,0.0,2.5,0.0,1.0,1.0,0.0,0.0
322,1.0,0.0,320.5,0.0,0.0,0.0,2.5,0.0,1.0,0.0,320.5,0.0,0.0,0.0,2.5,0.0,1.0,1.0,0.0,0.0
323,1.0,0.0,321.5,0.0,0.0,0.0,2.5,0.0,1.0,0.0,321.5,0.0,0.0,0.0,2.5,0.0,1.0,1.0,0.0,0.0
324,1.0,0.0,322.5,0.0,0.0,0.0,2.5,0.0,1.0,0.0,322.5,0.0,0.0,0.0,2.5,0.0,1.0,1.0,0.0,0.0
325,1.0,0.0,323.5,0.0,0.0,0.0,2.5,0.0,1.0,0.0,323.5,0.0,0.0,0.0,2.5,0.0,1.0,1.0,0.0,0.0
326,1.0,0.0,324.5,0.0,0.0,0.0,2.5,0.0,1.0,0.0,324.5,0.0,0.0,0.0,2.5,0.0,1.0,1.0,0.0,0.0
327,1.0,0.0,325.5,0.0,0.0,0.0,2.5,0.0,1.0,0.0,325.5,0.0,0.0,0.0,2.5,0.0,1.0,1.0,0.0,0.0
328,1.0,0.0,326.5,0.0,0.0,0.0,2.5,0.0,1.0,0.0,326.5,0.0,0.0,0.0,2.5,0.0,1.0,1.0,0.0,0.0
329,1.0,0.0,327.5,0.0,0.0,0.0,2.5,0.0,1.0,0.0,327.5,0.0,0.0,0.0,2.5,0.0,1.0,1.0,0.0,0.0
330,1.0,0.0,328.5,0.0,0.0,0.0,2.5,0.0,1.0,0.0,328.5,0.0,0.0,0.0,2.5,0.0,1.0,1.0,0.0,0.0
331,1.0,0.0,329.5,0.0,0.0,0.0,2.5,0.0,1.0,0.0,329.5,0.0,0.0,0.0,2.5,0.0,1.0,1.0,0.0,0.0
332,1.0,0.0,330.5,0.0,0.0,0.0,2.5,0.0,1.0,0.0,330.5,0.0,0.0,0.0,2.5,0.0,1.0,1.0,0.0,0.0
333,1.0,0.0,331.5,0.0,0.0,0.0,2.5,0.0,1.0,0.0,331.5,0.0,0.0,0.0,2.5,0.0,1.0,1.0,0.0,0.0
334,1.0,0.0,332.5,0.0,0.0,0.0,2.5,0.0,1.0,0.0,332.5,0.0,0.0,0.0,2.5,0.0,1.0,1.0,0.0,0.0
335,1.0,0.0,333.5,0.0,0.0,0.0,2.5,0.0,1.0,0.0,333.5,0.0,0.0,0.0,2.5,0.0,1.0,1.0,0.0,0.0
336,1.0,0.0,334.5,0.0,0.0,0.0,2.5,0.0,1.0,0.0,334.5,0.0,0.0,0.0,2.5,0.0,1.0,1.0,0.0,0.0
337,1.0,0.0,335.5,0.0,0.0,0.0,2.5,0.0,1.0,0.0,335.5,0.0,0.0,0.0,2.5,0.0,1.0,1.0,0.0,0.0
338,1.0,0.0,336.5,0.0,0.0,0.0,2.5,0.0,1.0,0.0,336.5,0.0,0.0,0.0,2.5,0.0,1.0,1.0,0.0,0.0
339,1.0,0.0,337.5,0.0,0.0,0.0,2.5,0.0,1.0,0.0,337.5,0.0,0.0,0.0,2.5,0.0,1.0,1.0,0.0,0.0
340,1.0,0.0,338.5,0.0,0.0,0.0,2.5,0.0,1.0,0.0,338.5,0.0,0.0,0.0,2.5,0.0,1.0,1.0,0.0,0.0
341,1.0,0.0,339.5,0.0,0.0,0.0,2.5,0.0,1.0,0.0,339.5,0.0,0.0,0.0,2.5,0.0,1.0,1.0,0.0,0.0
342,1.0,0.0,340.5,0.0,0.0,0.0,2.5,0.0,1.0,0.0,340.5,0.0,0.0,0.0,2.5,0.0,1.0,1.0,0.0,0.0
343,1.0,0.0,341.5,0.0,0.0,0.0,2.5,0.0,1.0,0.0,341.5,0.0,0.0,0.0,2.5,0.0,1.0,1.0,0.0,0.0
344,1.0,0.0,342.5,0.0,0.0,0.0,2.5,0.0,1.0,0.0,342.5,0.0,0.0,0.0,2.5,0.0,1.0,1.0,0.0,0.0
345,1.0,0.0,343.5,0.0,0.0,0.0,2.5,0.0,1.0,0.0,343.5,0.0,0.0,0.0,2.5,0.0,1.0,1.0,0.0,0.0
346,1.0,0.0,344.5,0.0,0.0,0.0,2.5,0.0,1.0,0.0,344.5,0.0,0.0,0.0,2.5,0.0,1.0,1.0,0.0,0.0
347,1.0,0.0,345.5,0.0,0.0,0.0,2.5,0.0,1.0,0.0,345.5,0.0,0.0,0.0,2.5,0.0,1.0,1.0,0.0,0.0
348,1.0,0.0,346.5,0.0,0.0,0.0,2.5,0.0,1.0,0.0,346.5,0.0,0.0,0.0,2.5,0.0,1.0,1.0,0.0,0.0
349,1.0,0.0,347.5,0.0,0.0,0.0,2.5,0.0,1.0,0.0,347.5,0.0,0.0,0.0,2.5,0.0,1.0,1.0,0.0,0.0
350,1.0,0.0,348.5,0.0,0.0,0.0,2.5,0.0,1.0,0.0,348.5,0.0,0.0,0.0,2.5,0.0,1.0,1.0,0.0,0.0
351,1.0,0.0,349.5,0.0,0.0,0.0,2.5,0.0,1.0,0.0,349.5,0.0,0.0,0.0,2.5,0.0,1.0,1.0,0.0,0.0
352,1.0,0.0,350.5,0.0,0.0,0.0,2.5,0.0,1.0,0.0,350.5,0.0,0.0,0.0,2.5,0.0,1.0,1.0,0.0,0.0
353,1.0,0.0,351.5,0.0,0.0,0.0,2.5,0.0,1.0,0.0,351.5,0.0,0.0,0.0,2.5,0.0,1.0,1.0,0.0,0.0
354,1.0,0.0,352.5,0.0,0.0,0.0,2.5,0.0,1.0,0.0,352.5,0.0,0.0,0.0,2.5,0.0,1.0,1.0,0.0,0.0
355,1.0,0.0,353.5,0.0,0.0,0.0,2.5,0.0,1.0,0.0,353.5,0.0,0.0,0.0,2.5,0.0,1.0,1.0,0.0,0.0
356,1.0,0.0,354.5,0.0,0.0,0.0,2.5,0.0,1.0,0.0,354.5,0.0,0.0,0.0,2.5,0.0,1.0,1.0,0.0,0.0
357,1.0,0.0,355.5,0.0,0.0,0.0,2.5,0.0,1.0,0.0,355.5,0.0,0.0,0.0,2.5,0.0,1.0,1.0,0.0,0.0
358,1.0,0.0,356.5,0.0,0.0,0.0,2.5,0.0,1.0,0.0,356.5,0.0,0.0,0.0,2.5,0.0,1.0,1.0,0.0,0.0
359,1.0,0.0,357.5,0.0,0.0,0.0,2.5,0.0,1.0,0.0,357.5,0.0,0.0,0.0,2.5,0.0,1.0,1.0,0.0,0.0
360,1.0,0.0,358.5,0.0,0.0,0.0,2.5,0.0,1.0,0.0,358.5,0.0,0.0,0.0,2.5,0.0,1.0,1.0,0.0,0.0
361,1.0,0.0,359.5,0.0,0.0,0.0,2.5,0.0,1.0,0.0,359.5,0.0,0.0,0.0,2.5,0.0,1.0,1.0,0.0,0.0
362,1.0,0.0,360.5,0.0,0.0,0.0,2.5,0.0,1.0,0.0,360.5,0.0,0.0,0.0,2.5,0.0,1.0,1.0,0.0,0.0
363,1.0,0.0,361.5,0.0,0.0,0.0,2.5,0.0,1.0,0.0,361.5,0.0,0.0,0.0,2.5,0.0,1.0,1.0,0.0,0.0
364,1.0,0.0,362.5,0.0,0.0,0.0,2.5,0.0,1.0,0.0,362.5,0.0,0.0,0.0,2.5,0.0,1.0,1.0,0.0,0.0
365,1.0,0.0,363.5,0.0,0.0,0.0,2.5,0.0,1.0,0.0,363.5,0.0,0.0,0.0,2.5,0.0,1.0,1.0,0.0,0.0
366,1.0,0.0,364.5,0.0,0.0,0.0,2.5,0.0,1.0,0.0,364.5,0.0,0.0,0.0,2.5,0.0,1.0,1.0,0.0,0.0
367,1.0,0.0,365.5,0.0,0.0,0.0,2.5,0.0,1.0,0.0,365.5,0.0,0.0,0.0,2.5,0.0,1.0,1.0,0.0,0.0
368,1.0,0.0,366.5,0.0,0.0,0.0,2.5,0.0,1.0,0.0,366.5,0.0,0.0,0.0,2.5,0.0,1.0,1.0,0.0,0.0
369,1.0,0.0,367.5,0.0,0.0,0.0,2.5,0.0,1.0,0.0,367.5,0.0,0.0,0.0,2.5,0.0,1.0,1.0,0.0,0.0
370,1.0,0.0,368.5,0.0,0.0,0.0,2.5,0.0,1.0,0.0,368.5,0.0,0.0,0.0,2.5,0.0,1.0,1.0,0.0,0.0
371,1.0,0.0,369.5,0.0,0.0,0.0,2.5,0.0,1.0,0.0,369.5,0.0,0.0,0.0,2.5,0.0,1.0,1.0,0.0,0.0
372,1.0,0.0,370.5,0.0,0.0,0.0,2.5,0.0,1.0,0.0,370.5,0.0,0.0,0.0,2.5,0.0,1.0,1.0,0.0,0.0
373,1.0,0.0,371.5,0.0,0.0,0.0,2.5,0.0,1.0,0.0,371.5,0.0,0.0,0.0,2.5,0.0,1.0,1.0,0.0,0.0
374,1.0,0.0,372.5,0.0,0.0,0.0,2.5,0.0,1.0,0.0,372.5,0.0,0.0,0.0,2.5,0.0,1.0,1.0,0.0,0.0
375,1.0,0.0,373.5,0.0,0.0,0.0,2.5,0.0,1.0,0.0,373.5,0.0,0.0,0.0,2.5,0.0,1.0,1.0,0.0,0.0
376,1.0,0.0,374.5,0.0,0.0,0.0,2.5,0.0,1.0,0.0,374.5,0.0,0.0,0.0,2.5,0.0,1.0,1.0,0.0,0.0
377,1.0,0.0,375.5,0.0,0.0,0.0,2.5,0.0,1.0,0.0,375.5,0.0,0.0,0.0,2.5,0.0,1.0,1.0,0.0,0.0
378,1.0,0.0,376.5,0.0,0.0,0.0,2.5,0.0,1.0,0.0,376.5,0.0,0.0,0.0,2.5,0.0,1.0,1.0,0.0,0.0
379,1.0,0.0,377.5,0.0,0.0,0.0,2.5,0.0,1.0,0.0,377.5,0.0,0.0,0.0,2.5,0.0,1.0,1.0,0.0,0.0
380,1.0,0.0,378.5,0.0,0.0,0.0,2.5,0.0,1.0,0.0,378.5,0.0,0.0,0.0,2.5,0.0,1.0,1.0,0.0,0.0
381,1.0,0.0,379.5,0.0,0.0,0.0,2.5,0.0,1.0,0.0,379.5,0.0,0.0,0.0,2.5,0.0,1.0,1.0,0.0,0.0
382,1.0,0.0,380.5,0.0,0.0,0.0,2.5,0.0,1.0,0.0,380.5,0.0,0.0,0.0,2.5,0.0,1.0,1.0,0.0,0.0
383,1.0,0.0,381.5,0.0,0.0,0.0,2.5,0.0,1.0,0.0,381.5,0.0,0.0,0.0,2.5,0.0,1.0,1.0,0.0,0.0
384,1.0,0.0,382.5,0.0,0.0,0.0,2.5,0.0,1.0,0.0,382.5,0.0,0.0,0.0,2.5,0.0,1.0,1.0,0.0,0.0
385,1.0,0.0,383.5,0.0,0.0,0.0,2.5,0.0,1.0,0.0,383.5,0.0,0.0,0.0,2.5,0.0,1.0,1.0,0.0,0.0
386,1.0,0.0,384.5,0.0,0.0,0.0,2.5,0.0,1.0,0.0,384.5,0.0,0.0,0.0,2.5,0.0,1.0,1.0,0.0,0.0
387,1.0,0.0,385.5,0.0,0.0,0.0,2.5,0.0,1.0,0.0,385.5,0.0,0.0,0.0,2.5,0.0,1.0,1.0,0.0,0.0
388,1.0,0.0,386.5,0.0,0.0,0.0,2.5,0.0,1.0,0.0,386.5,0.0,0.0,0.0,2.5,0.0,1.0,1.0,0.0,0.0
389,1.0,0.0,387.5,0.0,0.0,0.0,2.5,0.0,1.0,0.0,387.5,0.0,0.0,0.0,2.5,0.0,1.0,1.0,0.0,0.0
390,1.0,0.0,388.5,0.0,0.0,0.0,2.5,0.0,1.0,0.0,388.5,0.0,0.0,0.0,2.5,0.0,1.0,1.0,0.0,0.0
391,1.0,0.0,389.5,0.0,0.0,0.0,2.5,0.0,1.0,0.0,389.5,0.0,0.0,0.0,2.5,0.0,1.0,1.0,0.0,0.0
392,1.0,0.0,390.5,0.0,0.0,0.0,2.5,0.0,1.0,0.0,390.5,0.0,0.0,0.0,2.5,0.0,1.0,1.0,0.0,0.0
393,1.0,0.0,391.5,0.0,0.0,0.0,2.5,0.0,1.0,0.0,391.5,0.0,0.0,0.0,2.5,0.0,1.0,1.0,0.0,0.0
394,1.0,0.0,392.5,0.0,0.0,0.0,2.5,0.0,1.0,0.0,392.5,0.0,0.0,0.0,2.5,0.0,1.0,1.0,0.0,0.0
395,1.0,0.0,393.5,0.0,0.0,0.0,2.5,0.0,1.0,0.0,393.5,0.0,0.0,0.0,2.5,0.0,1.0,1.0,0.0,0.0
396,1.0,0.0,394.5,0.0,0.0,0.0,2.5,0.0,1.0,0.0,394.5,0.0,0.0,0.0,2.5,0.0,1.0,1.0,0.0,0.0
397,1.0,0.0,395.5,0.0,0.0,0.0,2.5,0.0,1.0,0.0,395.5,0.0,0.0,0.0,2.5,0.0,1.0,1.0,0.0,0.0
398,1.0,0.0,396.5,0.0,0.0,0.0,2.5,0.0,1.0,0.0,396.5,0.0,0.0,0.0,2.5,0.0,1.0,1.0,0.0,0.0
399,1.0,0.0,397.5,0.0,0.0,0.0,2.5,0.0,1.0,0.0,397.5,0.0,0.0,0.0,2.5,0.0,1.0,1.0,0.0,0.0
400,1.0,0.0,398.5,0.0,0.0,0.0,2.5,0.0,1.0,0.0,398.5,0.0,0.0,0.0,2.5,0.0,1.0,1.0,0.0,0.0
401,1.0,0.0,399.5,0.0,0.0,0.0,2.5,0.0,1.0,0.0,399.5,0.0,0.0,0.0,2.5,0.0,1.0,1.0,0.0,0.0
402,1.0,0.0,400.5,0.0,0.0,0.0,2.5,0.0,1.0,0.0,400.5,0.0,0.0,0.0,2.5,0.0,1.0,1.0,0.0,0.0
403,1.0,0.0,401.5,0.0,0.0,0.0,2.5,0.0,1.0,0.0,401.5,0.0,0.0,0.0,2.5,0.0,1.0,1.0,0.0,0.0
404,1.0,0.0,402.5,0.0,0.0,0.0,2.5,0.0,1.0,0.0,402.5,0.0,0.0,0.0,2.5,0.0,1.0,1.0,0.0,0.0
405,1.0,0.0,403.5,0.0,0.0,0.0,2.5,0.0,1.0,0.0,403.5,0.0,0.0,0.0,2.5,0.0,1.0,1.0,0.0,0.0
406,1.0,0.0,404.5,0.0,0.0,0.0,2.5,0.0,1.0,0.0,404.5,0.0,0.0,0.0,2.5,0.0,1.0,1.0,0.0,0.0
407,1.0,0.0,405.5,0.0,0.0,0.0,2.5,0.0,1.0,0.0,405.5,0.0,0.0,0.0,2.5,0.0,1.0,1.0,0.0,0.0
408,1.0,0.0,406.5,0.0,0.0,0.0,2.5,0.0,1.0,0.0,406.5,0.0,0.0,0.0,2.5,0.0,1.0,1.0,0.0,0.0
409,1.0,0.0,407.5,0.0,0.0,0.0,2.5,0.0,1.0,0.0,407.5,0.0,0.0,0.0,2.5,0.0,1.0,1.0,0.0,0.0
410,1.0,0.0,408.5,0.0,0.0,0.0,2.5,0.0,1.0,0.0,408.5,0.0,0.0,0.0,2.5,0.0,1.0,1.0,0.0,0.0
411,1.0,0.0,409.5,0.0,0.0,0.0,2.5,0.0,1.0,0.0,409.5,0.0,0.0,0.0,2.5,0.0,1.0,1.0,0.0,0.0
412,1.0,0.0,410.5,0.0,0.0,0.0,2.5,0.0,1.0,0.0,410.5,0.0,0.0,0.0,2.5,0.0,1.0,1.0,0.0,0.0
413,1.0,0.0,411.5,0.0,0.0,0.0,2.5,0.0,1.0,0.0,411.5,0.0,0.0,0.0,2.5,0.0,1.0,1.0,0.0,0.0
414,1.0,0.0,412.5,0.0,0.0,0.0,2.5,0.0,1.0,0.0,412.5,0.0,0.0,0.0,2.5,0.0,1.0,1.0,0.0,0.0
415,1.0,0.0,413.5,0.0,0.0,0.0,2.5,0.0,1.0,0.0,413.5,0.0,0.0,0.0,2.5,0.0,1.0,1.0,0.0,0.0
416,1.0,0.0,414.5,0.0,0.0,0.0,2.5,0.0,1.0,0.0,414.5,0.0,0.0,0.0,2.5,0.0,1.0,1.0,0.0,0.0
417,1.0,0.0,415.5,0.0,0.0,0.0,2.5,0.0,1.0,0.0,415.5,0.0,0.0,0.0,2.5,0.0,1.0,1.0,0.0,0.0
418,1.0,0.0,416.5,0.0,0.0,0.0,2.5,0.0,1.0,0.0,416.5,0.0,0.0,0.0,2.5,0.0,1.0,1.0,0.0,0.0
419,1.0,0.0,417.5,0.0,0.0,0.0,2.5,0.0,1.0,0.0,417.5,0.0,0.0,0.0,2.5,0.0,1.0,1.0,0.0,0.0
420,1.0,0.0,418.5,0.0,0.0,0.0,2.5,0.0,1.0,0.0,418.5,0.0,0.0,0.0,2.5,0.0,1.0,1.0,0.0,0.0
421,1.0,0.0,419.5,0.0,0.0,0.0,2.5,0.0,1.0,0.0,419.5,0.0,0.0,0.0,2.5,0.0,1.0,1.0,0.0,0.0
422,1.0,0.0,420.5,0.0,0.0,0.0,2.5,0.0,1.0,0.0,420.5,0.0,0.0,0.0,2.5,0.0,1.0,1.0,0.0,0.0
423,1.0,0.0,421.5,0.0,0.0,0.0,2.5,0.0,1.0,0.0,421.5,0.0,0.0,0.0,2.5,0.0,1.0,1.0,0.0,0.0
424,1.0,0.0,422.5,0.0,0.0,0.0,2.5,0.0,1.0,0.0,422.5,0.0,0.0,0.0,2.5,0.0,1.0,1.0,0.0,0.0
425,1.0,0.0,423.5,0.0,0.0,0.0,2.5,0.0,1.0,0.0,423.5,0.0,0.0,0.0,2.5,0.0,1.0,1.0,0.0,0.0
426,1.0,0.0,424.5,0.0,0.0,0.0,2.5,0.0,1.0,0.0,424.5,0.0,0.0,0.0,2.5,0.0,1.0,1.0,0.0,0.0
427,1.0,0.0,425.5,0.0,0.0,0.0,2.5,0.0,1.0,0.0,425.5,0.0,0.0,0.0,2.5,0.0,1.0,1.0,0.0,0.0
428,1.0,0.0,426.5,0.0,0.0,0.0,2.5,0.0,1.0,0.0,426.5,0.0,0.0,0.0,2.5,0.0,1.0,1.0,0.0,0.0
429,1.0,0.0,427.5,0.0,0.0,0.0,2.5,0.0,1.0,0.0,427.5,0.0,0.0,0.0,2.5,0.0,1.0,1.0,0.0,0.0
430,1.0,0.0,428.5,0.0,0.0,0.0,2.5,0.0,1.0,0.0,428.5,0.0,0.0,0.0,2.5,0.0,1.0,1.0,0.0,0.0
431,1.0,0.0,429.5,0.0,0.0,0.0,2.5,0.0,1.0,0.0,429.5,0.0,0.0,0.0,2.5,0.0,1.0,1.0,0.0,0.0
432,1.0,0.0,430.5,0.0,0.0,0.0,2.5,0.0,1.0,0.0,430.5,0.0,0.0,0.0,2.5,0.0,1.0,1.0,0.0,0.0
433,1.0,0.0,431.5,0.0,0.0,0.0,2.5,0.0,1.0,0.0,431.5,0.0,0.0,0.0,2.5,0.0,1.0,1.0,0.0,0.0
434,1.0,0.0,432.5,0.0,0.0,0.0,2.5,0.0,1.0,0.0,432.5,0.0,0.0,0.0,2.5,0.0,1.0,1.0,0.0,0.0
435,1.0,0.0,433.5,0.0,0.0,0.0,2.5,0.0,1.0,0.0,433.5,0.0,0.0,0.0,2.5,0.0,1.0,1.0,0.0,0.0
436,1.0,0.0,434.5,0.0,0.0,0.0,2.5,0.0,1.0,0.0,434.5,0.0,0.0,0.0,2.5,0.0,1.0,1.0,0.0,0.0
437,1.0,0.0,435.5,0.0,0.0,0.0,2.5,0.0,1.0,0.0,435.5,0.0,0.0,0.0,2.5,0.0,1.0,1.0,0.0,0.0
438,1.0,0.0,436.5,0.0,0.0,0.0,2.5,0.0,1.0,0.0,436.5,0.0,0.0,0.0,2.5,0.0,1.0,1.0,0.0,0.0
439,1.0,0.0,437.5,0.0,0.0,0.0,2.5,0.0,1.0,0.0,437.5,0.0,0.0,0.0,2.5,0.0,1.0,1.0,0.0,0.0
440,1.0,0.0,438.5,0.0,0.0,0.0,2.5,0.0,1.0,0.0,438.5,0.0,0.0,0.0,2.5,0.0,1.0,1.0,0.0,0.0
441,1.0,0.0,439.5,0.0,0.0,0.0,2.5,0.0,1.0,0.0,439.5,0.0,0.0,0.0,2.5,0.0,1.0,1.0,0.0,0.0
442,1.0,0.0,440.5,0.0,0.0,0.0,2.5,0.0,1.0,0.0,440.5,0.0,0.0,0.0,2.5,0.0,1.0,1.0,0.0,0.0
443,1.0,0.0,441.5,0.0,0.0,0.0,2.5,0.0,1.0,0.0,441.5,0.0,0.0,0.0,2.5,0.0,1.0,1.0,0.0,0.0
444,1.0,0.0,442.5,0.0,0.0,0.0,2.5,0.0,1.0,0.0,442.5,0.0,0.0,0.0,2.5,0.0,1.0,1.0,0.0,0.0
445,1.0,0.0,443.5,0.0,0.0,0.0,2.5,0.0,1.0,0.0,443.5,0.0,0.0,0.0,2.5,0.0,1.0,1.0,0.0,0.0
446,1.0,0.0,444.5,0.0,0.0,0.0,2.5,0.0,1.0,0.0,444.5,0.0,0.0,0.0,2.5,0.0,1.0,1.0,0.0,0.0
447,1.0,0.0,445.5,0.0,0.0,0.0,2.5,0.0,1.0,0.0,445.5,0.0,0.0,0.0,2.5,0.0,1.0,1.0,0.0,0.0
448,1.0,0.0,446.5,0.0,0.0,0.0,2.5,0.0,1.0,0.0,446.5,0.0,0.0,0.0,2.5,0.0,1.0,1.0,0.0,0.0
449,1.0,0.0,447.5,0.0,0.0,0.0,2.5,0.0,1.0,0.0,447.5,0.0,0.0,0.0,2.5,0.0,1.0,1.0,0.0,0.0
450,1.0,0.0,448.5,0.0,0.0,0.0,2.5,0.0,1.0,0.0,448.5,0.0,0.0,0.0,2.5,0.0,1.0,1.0,0.0,0.0
451,1.0,0.0,449.5,0.0,0.0,0.0,2.5,0.0,1.0,0.0,449.5,0.0,0.0,0.0,2.5,0.0,1.0,1.0,0.0,0.0
452,1.0,0.0,450.5,0.0,0.0,0.0,2.5,0.0,1.0,0.0,450.5,0.0,0.0,0.0,2.5,0.0,1.0,1.0,0.0,0.0
453,1.0,0.0,451.5,0.0,0.0,0.0,2.5,0.0,1.0,0.0,451.5,0.0,0.0,0.0,2.5,0.0,1.0,1.0,0.0,0.0
454,1.0,0.0,452.5,0.0,0.0,0.0,2.5,0.0,1.0,0.0,452.5,0.0,0.0,0.0,2.5,0.0,1.0,1.0,0.0,0.0
455,1.0,0.0,453.5,0.0,0.0,0.0,2.5,0.0,1.0,0.0,453.5,0.0,0.0,0.0,2.5,0.0,1.0,1.0,0.0,0.0
456,1.0,0.0,454.5,0.0,0.0,0.0,2.5,0.0,1.0,0.0,454.5,0.0,0.0,0.0,2.5,0.0,1.0,1.0,0.0,0.0
457,1.0,0.0,455.5,0.0,0.0,0.0,2.5,0.0,1.0,0.0,455.5,0.0,0.0,0.0,2.5,0.0,1.0,1.0,0.0,0.0
458,1.0,0.0,456.5,0.0,0.0,0.0,2.5,0.0,1.0,0.0,456.5,0.0,0.0,0.0,2.5,0.0,1.0,1.0,0.0,0.0
459,1.0,0.0,457.5,0.0,0.0,0.0,2.5,0.0,1.0,0.0,457.5,0.0,0.0,0.0,2.5,0.0,1.0,1.0,0.0,0.0
460,1.0,0.0,458.5,0.0,0.0,0.0,2.5,0.0,1.0,0.0,458.5,0.0,0.0,0.0,2.5,0.0,1.0,1.0,0.0,0.0
461,1.0,0.0,459.5,0.0,0.0,0.0,2.5,0.0,1.0,0.0,459.5,0.0,0.0,0.0,2.5,0.0,1.0,1.0,0.0,0.0
462,1.0,0.0,460.5,0.0,0.0,0.0,2.5,0.0,1.0,0.0,460.5,0.0,0.0,0.0,2.5,0.0,1.0,1.0,0.0,0.0
463,1.0,0.0,461.5,0.0,0.0,0.0,2.5,0.0,1.0,0.0,461.5,0.0,0.0,0.0,2.5,0.0,1.0,1.0,0.0,0.0
464,1.0,0.0,462.5,0.0,0.0,0.0,2.5,0.0,1.0,0.0,462.5,0.0,0.0,0.0,2.5,0.0,1.0,1.0,0.0,0.0
465,1.0,0.0,463.5,0.0,0.0,0.0,2.5,0.0,1.0,0.0,463.5,0.0,0.0,0.0,2.5,0.0,1.0,1.0,0.0,0.0
466,1.0,0.0,464.5,0.0,0.0,0.0,2.5,0.0,1.0,0.0,464.5,0.0,0.0,0.0,2.5,0.0,1.0,1.0,0.0,0.0
467,1.0,0.0,465.5,0.0,0.0,0.0,2.5,0.0,1.0,0.0,465.5,0.0,0.0,0.0,2.5,0.0,1.0,1.0,0.0,0.0
468,1.0,0.0,466.5,0.0,0.0,0.0,2.5,0.0,1.0,0.0,466.5,0.0,0.0,0.0,2.5,0.0,1.0,1.0,0.0,0.0
469,1.0,0.0,467.5,0.0,0.0,0.0,2.5,0.0,1.0,0.0,467.5,0.0,0.0,0.0,2.5,0.0,1.0,1.0,0.0,0.0
470,1.0,0.0,468.5,0.0,0.0,0.0,2.5,0.0,1.0,0.0,468.5,0.0,0.0,0.0,2.5,0.0,1.0,1.0,0.0,0.0
471,1.0,0.0,469.5,0.0,0.0,0.0,2.5,0.0,1.0,0.0,469.5,0.0,0.0,0.0,2.5,0.0,1.0,1.0,0.0,0.0
472,1.0,0.0,470.5,0.0,0.0,0.0,2.5,0.0,1.0,0.0,470.5,0.0,0.0,0.0,2.5,0.0,1.0,1.0,0.0,0.0
473,1.0,0.0,471.5,0.0,0.0,0.0,2.5,0.0,1.0,0.0,471.5,0.0,0.0,0.0,2.5,0.0,1.0,1.0,0.0,0.0
474,1.0,0.0,472.5,0.0,0.0,0.0,2.5,0.0,1.0,0.0,472.5,0.0,0.0,0.0,2.5,0.0,1.0,1.0,0.0,0.0
475,1.0,0.0,473.5,0.0,0.0,0.0,2.5,0.0,1.0,0.0,473.5,0.0,0.0,0.0,2.5,0.0,1.0,1.0,0.0,0.0
476,1.0,0.0,474.5,0.0,0.0,0.0,2.5,0.0,1.0,0.0,474.5,0.0,0.0,0.0,2.5,0.0,1.0,1.0,0.0,0.0
477,1.0,0.0,475.5,0.0,0.0,0.0,2.5,0.0,1.0,0.0,475.5,0.0,0.0,0.0,2.5,0.0,1.0,1.0,0.0,0.0
478,1.0,0.0,476.5,0.0,0.0,0.0,2.5,0.0,1.0,0.0,476.5,0.0,0.0,0.0,2.5,0.0,1.0,1.0,0.0,0.0
479,1.0,0.0,477.5,0.0,0.0,0.0,2.5,0.0,1.0,0.0,477.5,0.0,0.0,0.0,2.5,0.0,1.0,1.0,0.0,0.0
480,1.0,0.0,478.5,0.0,0.0,0.0,2.5,0.0,1.0,0.0,478.5,0.0,0.0,0.0,2.5,0.0,1.0,1.0,0.0,0.0
481,1.0,0.0,479.5,0.0,0.0,0.0,2.5,0.0,1.0,0.0,479.5,0.0,0.0,0.0,2.5,0.0,1.0,1.0,0.0,0.0
482,1.0,0.0,480.5,0.0,0.0,0.0,2.5,0.0,1.0,0.0,480.5,0.0,0.0,0.0,2.5,0.0,1.0,1.0,0.0,0.0
483,1.0,0.0,481.5,0.0,0.0,0.0,2.5,0.0,1.0,0.0,481.5,0.0,0.0,0.0,2.5,0.0,1.0,1.0,0.0,0.0
484,1.0,0.0,482.5,0.0,0.0,0.0,2.5,0.0,1.0,0.0,482.5,0.0,0.0,0.0,2.5,0.0,1.0,1.0,0.0,0.0
485,1.0,0.0,483.5,0.0,0.0,0.0,2.5,0.0,1.0,0.0,483.5,0.0,0.0,0.0,2.5,0.0,1.0,1.0,0.0,0.0
486,1.0,0.0,484.5,0.0,0.0,0.0,2.5,0.0,1.0,0.0,484.5,0.0,0.0,0.0,2.5,0.0,1.0,1.0,0.0,0.0
487,1.0,0.0,485.5,0.0,0.0,0.0,2.5,0.0,1.0,0.0,485.5,0.0,0.0,0.0,2.5,0.0,1.0,1.0,0.0,0.0
488,1.0,0.0,486.5,0.0,0.0,0.0,2.5,0.0,1.0,0.0,486.5,0.0,0.0,0.0,2.5,0.0,1.0,1.0,0.0,0.0
489,1.0,0.0,487.5,0.0,0.0,0.0,2.5,0.0,1.0,0.0,487.5,0.0,0.0,0.0,2.5,0.0,1.0,1.0,0.0,0.0
490,1.0,0.0,488.5,0.0,0.0,0.0,2.5,0.0,1.0,0.0,488.5,0.0,0.0,0.0,2.5,0.0,1.0,1.0,0.0,0.0
491,1.0,0.0,489.5,0.0,0.0,0.0,2.5,0.0,1.0,0.0,489.5,0.0,0.0,0.0,2.5,0.0,1.0,1.0,0.0,0.0
492,1.0,0.0,490.5,0.0,0.0,0.0,2.5,0.0,1.0,0.0,490.5,0.0,0.0,0.0,2.5,0.0,1.0,1.0,0.0,0.0
493,1.0,0.0,491.5,0.0,0.0,0.0,2.5,0.0,1.0,0.0,491.5,0.0,0.0,0.0,2.5,0.0,1.0,1.0,0.0,0.0
494,1.0,0.0,492.5,0.0,0.0,0.0,2.5,0.0,1.0,0.0,492.5,0.0,0.0,0.0,2.5,0.0,1.0,1.0,0.0,0.0
495,1.0,0.0,493.5,0.0,0.0,0.0,2.5,0.0,1.0,0.0,493.5,0.0,0.0,0.0,2.5,0.0,1.0,1.0,0.0,0.0
496,1.0,0.0,494.5,0.0,0.0,0.0,2.5,0.0,1.0,0.0,494.5,0.0,0.0,0.0,2.5,0.0,1.0,1.0,0.0,0.0
497,1.0,0.0,495.5,0.0,0.0,0.0,2.5,0.0,1.0,0.0,495.5,0.0,0.0,0.0,2.5,0.0,1.0,1.0,0.0,0.0
498,1.0,0.0,496.5,0.0,0.0,0.0,2.5,0.0,1.0,0.0,496.5,0.0,0.0,0.0,2.5,0.0,1.0,1.0,0.0,0.0
499,1.0,0.0,497.5,0.0,0.0,0.0,2.5,0.0,1.0,0.0,497.5,0.0,0.0,0.0,2.5,0.0,1.0,1.0,0.0,0.0
500,1.0,0.0,498.5,0.0,0.0,0.0,2.5,0.0,1.0,0.0,498.5,0.0,0.0,0.0,2.5,0.0,1.0,1.0,0.0,0.0
501,1.0,0.0,499.5,0.0,0.0,0.0,2.5,0.0,1.0,0.0,499.5,0.0,0.0,0.0,2.5,0.0,1.0,1.0,0.0,0.0
502,1.0,0.0,500.5,0.0,0.0,0.0,2.5,0.0,1.0,0.0,500.5,0.0,0.0,0.0,2.5,0.0,1.0,1.0,0.0,0.0
503,1.0,0.0,501.5,0.0,0.0,0.0,2.5,0.0,1.0,0.0,501.5,0.0,0.0,0.0,2.5,0.0,1.0,1.0,0.0,0.0
504,1.0,0.0,502.5,0.0,0.0,0.0,2.5,0.0,1.0,0.0,502.5,0.0,0.0,0.0,2.5,0.0,1.0,1.0,0.0,0.0
505,1.0,0.0,503.5,0.0,0.0,0.0,2.5,0.0,1.0,0.0,503.5,0.0,0.0,0.0,2.5,0.0,1.0,1.0,0.0,0.0
506,1.0,0.0,504.5,0.0,0.0,0.0,2.5,0.0,1.0,0.0,504.5,0.0,0.0,0.0,2.5,0.0,1.0,1.0,0.0,0.0
507,1.0,0.0,505.5,0.0,0.0,0.0,2.5,0.0,1.0,0.0,505.5,0.0,0.0,0.0,2.5,0.0,1.0,1.0,0.0,0.0
508,1.0,0.0,506.5,0.0,0.0,0.0,2.5,0.0,1.0,0.0,506.5,0.0,0.0,0.0,2.5,0.0,1.0,1.0,0.0,0.0
509,1.0,0.0,507.5,0.0,0.0,0.0,2.5,0.0,1.0,0.0,507.5,0.0,0.0,0.0,2.5,0.0,1.0,1.0,0.0,0.0
510,1.0,0.0,508.5,0.0,0.0,0.0,2.5,0.0,1.0,0.0,508.5,0.0,0.0,0.0,2.5,0.0,1.0,1.0,0.0,0.0
511,1.0,0.0,509.5,0.0,0.0,0.0,2.5,0.0,1.0,0.0,509.5,0.0,0.0,0.0,2.5,0.0,1.0,1.0,0.0,0.0
512,1.0,0.0,510.5,0.0,0.0,0.0,2.5,0.0,1.0,0.0,510.5,0.0,0.0,0.0,2.5,0.0,1.0,1.0,0.0,0.0
513,1.0,0.0,511.5,0.0,0.0,0.0,2.5,0.0,1.0,0.0,511.5,0.0,0.0,0.0,2.5,0.0,1.0,1.0,0.0,0.0
514,1.0,0.0,512.5,0.0,0.0,0.0,2.5,0.0,1.0,0.0,512.5,0.0,0.0,0.0,2.5,0.0,1.0,1.0,0.0,0.0
515,1.0,0.0,513.5,0.0,0.0,0.0,2.5,0.0,1.0,0.0,513.5,0.0,0.0,0.0,2.5,0.0,1.0,1.0,0.0,0.0
516,1.0,0.0,514.5,0.0,0.0,0.0,2.5,0.0,1.0,0.0,514.5,0.0,0.0,0.0,2.5,0.0,1.0,1.0,0.0,0.0
517,1.0,0.0,515.5,0.0,0.0,0.0,2.5,0.0,1.0,0.0,515.5,0.0,0.0,0.0,2.5,0.0,1.0,1.0,0.0,0.0
518,1.0,0.0,516.5,0.0,0.0,0.0,2.5,0.0,1.0,0.0,516.5,0.0,0.0,0.0,2.5,0.0,1.0,1.0,0.0,0.0
519,1.0,0.0,517.5,0.0,0.0,0.0,2.5,0.0,1.0,0.0,517.5,0.0,0.0,0.0,2.5,0.0,1.0,1.0,0.0,0.0
520,1.0,0.0,518.5,0.0,0.0,0.0,2.5,0.0,1.0,0.0,518.5,0.0,0.0,0.0,2.5,0.0,1.0,1.0,0.0,0.0
521,1.0,0.0,519.5,0.0,0.0,0.0,2.5,0.0,1.0,0.0,519.5,0.0,0.0,0.0,2.5,0.0,1.0,1.0,0.0,0.0
522,1.0,0.0,520.5,0.0,0.0,0.0,2.5,0.0,1.0,0.0,520.5,0.0,0.0,0.0,2.5,0.0,1.0,1.0,0.0,0.0
523,1.0,0.0,521.5,0.0,0.0,0.0,2.5,0.0,1.0,0.0,521.5,0.0,0.0,0.0,2.5,0.0,1.0,1.0,0.0,0.0
524,1.0,0.0,522.5,0.0,0.0,0.0,2.5,0.0,1.0,0.0,522.5,0.0,0.0,0.0,2.5,0.0,1.0,1.0,0.0,0.0
525,1.0,0.0,523.5,0.0,0.0,0.0,2.5,0.0,1.0,0.0,523.5,0.0,0.0,0.0,2.5,0.0,1.0,1.0,0.0,0.0
526,1.0,0.0,524.5,0.0,0.0,0.0,2.5,0.0,1.0,0.0,524.5,0.0,0.0,0.0,2.5,0.0,1.0,1.0,0.0,0.0
527,1.0,0.0,525.5,0.0,0.0,0.0,2.5,0.0,1.0,0.0,525.5,0.0,0.0,0.0,2.5,0.0,1.0,1.0,0.0,0.0
528,1.0,0.0,526.5,0.0,0.0,0.0,2.5,0.0,1.0,0.0,526.5,0.0,0.0,0.0,2.5,0.0,1.0,1.0,0.0,0.0
529,1.0,0.0,527.5,0.0,0.0,0.0,2.5,0.0,1.0,0.0,527.5,0.0,0.0,0.0,2.5,0.0,1.0,1.0,0.0,0.0
530,1.0,0.0,528.5,0.0,0.0,0.0,2.5,0.0,1.0,0.0,528.5,0.0,0.0,0.0,2.5,0.0,1.0,1.0,0.0,0.0
531,1.0,0.0,529.5,0.0,0.0,0.0,2.5,0.0,1.0,0.0,529.5,0.0,0.0,0.0,2.5,0.0,1.0,1.0,0.0,0.0
532,1.0,0.0,530.5,0.0,0.0,0.0,2.5,0.0,1.0,0.0,530.5,0.0,0.0,0.0,2.5,0.0,1.0,1.0,0.0,0.0
533,1.0,0.0,531.5,0.0,0.0,0.0,2.5,0.0,1.0,0.0,531.5,0.0,0.0,0.0,2.5,0.0,1.0,1.0,0.0,0.0
534,1.0,0.0,532.5,0.0,0.0,0.0,2.5,0.0,1.0,0.0,532.5,0.0,0.0,0.0,2.5,0.0,1.0,1.0,0.0,0.0
535,1.0,0.0,533.5,0.0,0.0,0.0,2.5,0.0,1.0,0.0,533.5,0.0,0.0,0.0,2.5,0.0,1.0,1.0,0.0,0.0
536,1.0,0.0,534.5,0.0,0.0,0.0,2.5,0.0,1.0,0.0,534.5,0.0,0.0,0.0,2.5,0.0,1.0,1.0,0.0,0.0
537,1.0,0.0,535.5,0.0,0.0,0.0,2.5,0.0,1.0,0.0,535.5,0.0,0.0,0.0,2.5,0.0,1.0,1.0,0.0,0.0
538,1.0,0.0,536.5,0.0,0.0,0.0,2.5,0.0,1.0,0.0,536.5,0.0,0.0,0.0,2.5,0.0,1.0,1.0,0.0,0.0
539,1.0,0.0,537.5,0.0,0.0,0.0,2.5,0.0,1.0,0.0,537.5,0.0,0.0,0.0,2.5,0.0,1.0,1.0,0.0,0.0
540,1.0,0.0,538.5,0.0,0.0,0.0,2.5,0.0,1.0,0.0,538.5,0.0,0.0,0.0,2.5,0.0,1.0,1.0,0.0,0.0
541,1.0,0.0,539.5,0.0,0.0,0.0,2.5,0.0,1.0,0.0,539.5,0.0,0.0,0.0,2.5,0.0,1.0,1.0,0.0,0.0
542,1.0,0.0,540.5,0.0,0.0,0.0,2.5,0.0,1.0,0.0,540.5,0.0,0.0,0.0,2.5,0.0,1.0,1.0,0.0,0.0
543,1.0,0.0,541.5,0.0,0.0,0.0,2.5,0.0,1.0,0.0,541.5,0.0,0.0,0.0,2.5,0.0,1.0,1.0,0.0,0.0
544,1.0,0.0,542.5,0.0,0.0,0.0,2.5,0.0,1.0,0.0,542.5,0.0,0.0,0.0,2.5,0.0,1.0,1.0,0.0,0.0
545,1.0,0.0,543.5,0.0,0.0,0.0,2.5,0.0,1.0,0.0,543.5,0.0,0.0,0.0,2.5,0.0,1.0,1.0,0.0,0.0
546,1.0,0.0,544.5,0.0,0.0,0.0,2.5,0.0,1.0,0.0,544.5,0.0,0.0,0.0,2.5,0.0,1.0,1.0,0.0,0.0
547,1.0,0.0,545.5,0.0,0.0,0.0,2.5,0.0,1.0,0.0,545.5,0.0,0.0,0.0,2.5,0.0,1.0,1.0,0.0,0.0
548,1.0,0.0,546.5,0.0,0.0,0.0,2.5,0.0,1.0,0.0,546.5,0.0,0.0,0.0,2.5,0.0,1.0,1.0,0.0,0.0
549,1.0,0.0,547.5,0.0,0.0,0.0,2.5,0.0,1.0,0.0,547.5,0.0,0.0,0.0,2.5,0.0,1.0,1.0,0.0,0.0
550,1.0,0.0,548.5,0.0,0.0,0.0,2.5,0.0,1.0,0.0,548.5,0.0,0.0,0.0,2.5,0.0,1.0,1.0,0.0,0.0
551,1.0,0.0,549.5,0.0,0.0,0.0,2.5,0.0,1.0,0.0,549.5,0.0,0.0,0.0,2.5,0.0,1.0,1.0,0.0,0.0
552,1.0,0.0,550.5,0.0,0.0,0.0,2.5,0.0,1.0,0.0,550.5,0.0,0.0,0.0,2.5,0.0,1.0,1.0,0.0,0.0
553,1.0,0.0,551.5,0.0,0.0,0.0,2.5,0.0,1.0,0.0,551.5,0.0,0.0,0.0,2.5,0.0,1.0,1.0,0.0,0.0
554,1.0,0.0,552.5,0.0,0.0,0.0,2.5,0.0,1.0,0.0,552.5,0.0,0.0,0.0,2.5,0.0,1.0,1.0,0.0,0.0
555,1.0,0.0,553.5,0.0,0.0,0.0,2.5,0.0,1.0,0.0,553.5,0.0,0.0,0.0,2.5,0.0,1.0,1.0,0.0,0.0
556,1.0,0.0,554.5,0.0,0.0,0.0,2.5,0.0,1.0,0.0,554.5,0.0,0.0,0.0,2.5,0.0,1.0,1.0,0.0,0.0
557,1.0,0.0,555.5,0.0,0.0,0.0,2.5,0.0,1.0,0.0,555.5,0.0,0.0,0.0,2.5,0.0,1.0,1.0,0.0,0.0
558,1.0,0.0,556.5,0.0,0.0,0.0,2.5,0.0,1.0,0.0,556.5,0.0,0.0,0.0,2.5,0.0,1.0,1.0,0.0,0.0
559,1.0,0.0,557.5,0.0,0.0,0.0,2.5,0.0,1.0,0.0,557.5,0.0,0.0,0.0,2.5,0.0,1.0,1.0,0.0,0.0
560,1.0,0.0,558.5,0.0,0.0,0.0,2.5,0.0,1.0,0.0,558.5,0.0,0.0,0.0,2.5,0.0,1.0,1.0,0.0,0.0
561,1.0,0.0,559.5,0.0,0.0,0.0,2.5,0.0,1.0,0.0,559.5,0.0,0.0,0.0,2.5,0.0,1.0,1.0,0.0,0.0
562,1.0,0.0,560.5,0.0,0.0,0.0,2.5,0.0,1.0,0.0,560.5,0.0,0.0,0.0,2.5,0.0,1.0,1.0,0.0,0.0
563,1.0,0.0,561.5,0.0,0.0,0.0,2.5,0.0,1.0,0.0,561.5,0.0,0.0,0.0,2.5,0.0,1.0,1.0,0.0,0.0
564,1.0,0.0,562.5,0.0,0.0,0.0,2.5,0.0,1.0,0.0,562.5,0.0,0.0,0.0,2.5,0.0,1.0,1.0,0.0,0.0
565,1.0,0.0,563.5,0.0,0.0,0.0,2.5,0.0,1.0,0.0,563.5,0.0,0.0,0.0,2.5,0.0,1.0,1.0,0.0,0.0
566,1.0,0.0,564.5,0.0,0.0,0.0,2.5,0.0,1.0,0.0,564.5,0.0,0.0,0.0,2.5,0.0,1.0,1.0,0.0,0.0
567,1.0,0.0,565.5,0.0,0.0,0.0,2.5,0.0,1.0,0.0,565.5,0.0,0.0,0.0,2.5,0.0,1.0,1.0,0.0,0.0
568,1.0,0.0,566.5,0.0,0.0,0.0,2.5,0.0,1.0,0.0,566.5,0.0,0.0,0.0,2.5,0.0,1.0,1.0,0.0,0.0
569,1.0,0.0,567.5,0.0,0.0,0.0,2.5,0.0,1.0,0.0,567.5,0.0,0.0,0.0,2.5,0.0,1.0,1.0,0.0,0.0
570,1.0,0.0,568.5,0.0,0.0,0.0,2.5,0.0,1.0,0.0,568.5,0.0,0.0,0.0,2.5,0.0,1.0,1.0,0.0,0.0
571,1.0,0.0,569.5,0.0,0.0,0.0,2.5,0.0,1.0,0.0,569.5,0.0,0.0,0.0,2.5,0.0,1.0,1.0,0.0,0.0
572,1.0,0.0,570.5,0.0,0.0,0.0,2.5,0.0,1.0,0.0,570.5,0.0,0.0,0.0,2.5,0.0,1.0,1.0,0.0,0.0
573,1.0,0.0,571.5,0.0,0.0,0.0,2.5,0.0,1.0,0.0,571.5,0.0,0.0,0.0,2.5,0.0,1.0,1.0,0.0,0.0
574,1.0,0.0,572.5,0.0,0.0,0.0,2.5,0.0,1.0,0.0,572.5,0.0,0.0,0.0,2.5,0.0,1.0,1.0,0.0,0.0
575,1.0,0.0,573.5,0.0,0.0,0.0,2.5,0.0,1.0,0.0,573.5,0.0,0.0,0.0,2.5,0.0,1.0,1.0,0.0,0.0
576,1.0,0.0,574.5,0.0,0.0,0.0,2.5,0.0,1.0,0.0,574.5,0.0,0.0,0.0,2.5,0.0,1.0,1.0,0.0,0.0
577,1.0,0.0,575.5,0.0,0.0,0.0,2.5,0.0,1.0,0.0,575.5,0.0,0.0,0.0,2.5,0.0,1.0,1.0,0.0,0.0
578,1.0,0.0,576.5,0.0,0.0,0.0,2.5,0.0,1.0,0.0,576.5,0.0,0.0,0.0,2.5,0.0,1.0,1.0,0.0,0.0
579,1.0,0.0,577.5,0.0,0.0,0.0,2.5,0.0,1.0,0.0,577.5,0.0,0.0,0.0,2.5,0.0,1.0,1.0,0.0,0.0
580,1.0,0.0,578.5,0.0,0.0,0.0,2.5,0.0,1.0,0.0,578.5,0.0,0.0,0.0,2.5,0.0,1.0,1.0,0.0,0.0
581,1.0,0.0,579.5,0.0,0.0,0.0,2.5,0.0,1.0,0.0,579.5,0.0,0.0,0.0,2.5,0.0,1.0,1.0,0.0,0.0
582,1.0,0.0,580.5,0.0,0.0,0.0,2.5,0.0,1.0,0.0,580.5,0.0,0.0,0.0,2.5,0.0,1.0,1.0,0.0,0.0
583,1.0,0.0,581.5,0.0,0.0,0.0,2.5,0.0,1.0,0.0,581.5,0.0,0.0,0.0,2.5,0.0,1.0,1.0,0.0,0.0
584,1.0,0.0,582.5,0.0,0.0,0.0,2.5,0.0,1.0,0.0,582.5,0.0,0.0,0.0,2.5,0.0,1.0,1.0,0.0,0.0
585,1.0,0.0,583.5,0.0,0.0,0.0,2.5,0.0,1.0,0.0,583.5,0.0,0.0,0.0,2.5,0.0,1.0,1.0,0.0,0.0
586,1.0,0.0,584.5,0.0,0.0,0.0,2.5,0.0,1.0,0.0,584.5,0.0,0.0,0.0,2.5,0.0,1.0,1.0,0.0,0.0
587,1.0,0.0,585.5,0.0,0.0,0.0,2.5,0.0,1.0,0.0,585.5,0.0,0.0,0.0,2.5,0.0,1.0,1.0,0.0,0.0
588,1.0,0.0,586.5,0.0,0.0,0.0,2.5,0.0,1.0,0.0,586.5,0.0,0.0,0.0,2.5,0.0,1.0,1.0,0.0,0.0
589,1.0,0.0,587.5,0.0,0.0,0.0,2.5,0.0,1.0,0.0,587.5,0.0,0.0,0.0,2.5,0.0,1.0,1.0,0.0,0.0
590,1.0,0.0,588.5,0.0,0.0,0.0,2.5,0.0,1.0,0.0,588.5,0.0,0.0,0.0,2.5,0.0,1.0,1.0,0.0,0.0
591,1.0,0.0,589.5,0.0,0.0,0.0,2.5,0.0,1.0,0.0,589.5,0.0,0.0,0.0,2.5,0.0,1.0,1.0,0.0,0.0
592,1.0,0.0,590.5,0.0,0.0,0.0,2.5,0.0,1.0,0.0,590.5,0.0,0.0,0.0,2.5,0.0,1.0,1.0,0.0,0.0
593,1.0,0.0,591.5,0.0,0.0,0.0,2.5,0.0,1.0,0.0,591.5,0.0,0.0,0.0,2.5,0.0,1.0,1.0,0.0,0.0
594,1.0,0.0,592.5,0.0,0.0,0.0,2.5,0.0,1.0,0.0,592.5,0.0,0.0,0.0,2.5,0.0,1.0,1.0,0.0,0.0
595,1.0,0.0,593.5,0.0,0.0,0.0,2.5,0.0,1.0,0.0,593.5,0.0,0.0,0.0,2.5,0.0,1.0,1.0,0.0,0.0
596,1.0,0.0,594.5,0.0,0.0,0.0,2.5,0.0,1.0,0.0,594.5,0.0,0.0,0.0,2.5,0.0,1.0,1.0,0.0,0.0
597,1.0,0.0,595.5,0.0,0.0,0.0,2.5,0.0,1.0,0.0,595.5,0.0,0.0,0.0,2.5,0.0,1.0,1.0,0.0,0.0
598,1.0,0.0,596.5,0.0,0.0,0.0,2.5,0.0,1.0,0.0,596.5,0.0,0.0,0.0,2.5,0.0,1.0,1.0,0.0,0.0
599,1.0,0.0,597.5,0.0,0.0,0.0,2.5,0.0,1.0,0.0,597.5,0.0,0.0,0.0,2.5,0.0,1.0,1.0,0.0,0.0
600,1.0,0.0,598.5,0.0,0.0,0.0,2.5,0.0,1.0,0.0,598.5,0.0,0.0,0.0,2.5,0.0,1.0,1.0,0.0,0.0
601,1.0,0.0,599.5,0.0,0.0,0.0,2.5,0.0,1.0,0.0,599.5,0.0,0.0,0.0,2.5,0.0,1.0,1.0,0.0,0.0
602,1.0,0.0,600.5,0.0,0.0,0.0,2.5,0.0,1.0,0.0,600.5,0.0,0.0,0.0,2.5,0.0,1.0,1.0,0.0,0.0
603,1.0,0.0,601.5,0.0,0.0,0.0,2.5,0.0,1.0,0.0,601.5,0.0,0.0,0.0,2.5,0.0,1.0,1.0,0.0,0.0
604,1.0,0.0,602.5,0.0,0.0,0.0,2.5,0.0,1.0,0.0,602.5,0.0,0.0,0.0,2.5,0.0,1.0,1.0,0.0,0.0
605,1.0,0.0,603.5,0.0,0.0,0.0,2.5,0.0,1.0,0.0,603.5,0.0,0.0,0.0,2.5,0.0,1.0,1.0,0.0,0.0
606,1.0,0.0,604.5,0.0,0.0,0.0,2.5,0.0,1.0,0.0,604.5,0.0,0.0,0.0,2.5,0.0,1.0,1.0,0.0,0.0
607,1.0,0.0,605.5,0.0,0.0,0.0,2.5,0.0,1.0,0.0,605.5,0.0,0.0,0.0,2.5,0.0,1.0,1.0,0.0,0.0
608,1.0,0.0,606.5,0.0,0.0,0.0,2.5,0.0,1.0,0.0,606.5,0.0,0.0,0.0,2.5,0.0,1.0,1.0,0.0,0.0
609,1.0,0.0,607.5,0.0,0.0,0.0,2.5,0.0,1.0,0.0,607.5,0.0,0.0,0.0,2.5,0.0,1.0,1.0,0.0,0.0
610,1.0,0.0,608.5,0.0,0.0,0.0,2.5,0.0,1.0,0.0,608.5,0.0,0.0,0.0,2.5,0.0,1.0,1.0,0.0,0.0
611,1.0,0.0,609.5,0.0,0.0,0.0,2.5,0.0,1.0,0.0,609.5,0.0,0.0,0.0,2.5,0.0,1.0,1.0,0.0,0.0
612,1.0,0.0,610.5,0.0,0.0,0.0,2.5,0.0,1.0,0.0,610.5,0.0,0.0,0.0,2.5,0.0,1.0,1.0,0.0,0.0
613,1.0,0.0,611.5,0.0,0.0,0.0,2.5,0.0,1.0,0.0,611.5,0.0,0.0,0.0,2.5,0.0,1.0,1.0,0.0,0.0
614,1.0,0.0,612.5,0.0,0.0,0.0,2.5,0.0,1.0,0.0,612.5,0.0,0.0,0.0,2.5,0.0,1.0,1.0,0.0,0.0
615,1.0,0.0,613.5,0.0,0.0,0.0,2.5,0.0,1.0,0.0,613.5,0.0,0.0,0.0,2.5,0.0,1.0,1.0,0.0,0.0
616,1.0,0.0,614.5,0.0,0.0,0.0,2.5,0.0,1.0,0.0,614.5,0.0,0.0,0.0,2.5,0.0,1.0,1.0,0.0,0.0
617,1.0,0.0,615.5,0.0,0.0,0.0,2.5,0.0,1.0,0.0,615.5,0.0,0.0,0.0,2.5,0.0,1.0,1.0,0.0,0.0
618,1.0,0.0,616.5,0.0,0.0,0.0,2.5,0.0,1.0,0.0,616.5,0.0,0.0,0.0,2.5,0.0,1.0,1.0,0.0,0.0
619,1.0,0.0,617.5,0.0,0.0,0.0,2.5,0.0,1.0,0.0,617.5,0.0,0.0,0.0,2.5,0.0,1.0,1.0,0.0,0.0
620,1.0,0.0,618.5,0.0,0.0,0.0,2.5,0.0,1.0,0.0,618.5,0.0,0.0,0.0,2.5,0.0,1.0,1.0,0.0,0.0
621,1.0,0.0,619.5,0.0,0.0,0.0,2.5,0.0,1.0,0.0,619.5,0.0,0.0,0.0,2.5,0.0,1.0,1.0,0.0,0.0
622,1.0,0.0,620.5,0.0,0.0,0.0,2.5,0.0,1.0,0.0,620.5,0.0,0.0,0.0,2.5,0.0,1.0,1.0,0.0,0.0
623,1.0,0.0,621.5,0.0,0.0,0.0,2.5,0.0,1.0,0.0,621.5,0.0,0.0,0.0,2.5,0.0,1.0,1.0,0.0,0.0
624,1.0,0.0,622.5,0.0,0.0,0.0,2.5,0.0,1.0,0.0,622.5,0.0,0.0,0.0,2.5,0.0,1.0,1.0,0.0,0.0
625,1.0,0.0,623.5,0.0,0.0,0.0,2.5,0.0,1.0,0.0,623.5,0.0,0.0,0.0,2.5,0.0,1.0,1.0,0.0,0.0
626,1.0,0.0,624.5,0.0,0.0,0.0,2.5,0.0,1.0,0.0,624.5,0.0,0.0,0.0,2.5,0.0,1.0,1.0,0.0,0.0
627,1.0,0.0,625.5,0.0,0.0,0.0,2.5,0.0,1.0,0.0,625.5,0.0,0.0,0.0,2.5,0.0,1.0,1.0,0.0,0.0
628,1.0,0.0,626.5,0.0,0.0,0.0,2.5,0.0,1.0,0.0,626.5,0.0,0.0,0.0,2.5,0.0,1.0,1.0,0.0,0.0
629,1.0,0.0,627.5,0.0,0.0,0.0,2.5,0.0,1.0,0.0,627.5,0.0,0.0,0.0,2.5,0.0,1.0,1.0,0.0,0.0
630,1.0,0.0,628.5,0.0,0.0,0.0,2.5,0.0,1.0,0.0,628.5,0.0,0.0,0.0,2.5,0.0,1.0,1.0,0.0,0.0
631,1.0,0.0,629.5,0.0,0.0,0.0,2.5,0.0,1.0,0.0,629.5,0.0,0.0,0.0,2.5,0.0,1.0,1.0,0.0,0.0
632,1.0,0.0,630.5,0.0,0.0,0.0,2.5,0.0,1.0,0.0,630.5,0.0,0.0,0.0,2.5,0.0,1.0,1.0,0.0,0.0
633,1.0,0.0,631.5,0.0,0.0,0.0,2.5,0.0,1.0,0.0,631.5,0.0,0.0,0.0,2.5,0.0,1.0,1.0,0.0,0.0
634,1.0,0.0,632.5,0.0,0.0,0.0,2.5,0.0,1.0,0.0,632.5,0.0,0.0,0.0,2.5,0.0,1.0,1.0,0.0,0.0
635,1.0,0.0,633.5,0.0,0.0,0.0,2.5,0.0,1.0,0.0,633.5,0.0,0.0,0.0,2.5,0.0,1.0,1.0,0.0,0.0
636,1.0,0.0,634.5,0.0,0.0,0.0,2.5,0.0,1.0,0.0,634.5,0.0,0.0,0.0,2.5,0.0,1.0,1.0,0.0,0.0
637,1.0,0.0,635.5,0.0,0.0,0.0,2.5,0.0,1.0,0.0,635.5,0.0,0.0,0.0,2.5,0.0,1.0,1.0,0.0,0.0
638,1.0,0.0,636.5,0.0,0.0,0.0,2.5,0.0,1.0,0.0,636.5,0.0,0.0,0.0,2.5,0.0,1.0,1.0,0.0,0.0
639,1.0,0.0,637.5,0.0,0.0,0.0,2.5,0.0,1.0,0.0,637.5,0.0,0.0,0.0,2.5,0.0,1.0,1.0,0.0,0.0
640,1.0,0.0,638.5,0.0,0.0,0.0,2.5,0.0,1.0,0.0,638.5,0.0,0.0,0.0,2.5,0.0,1.0,1.0,0.0,0.0
641,1.0,0.0,639.5,0.0,0.0,0.0,2.5,0.0,1.0,0.0,639.5,0.0,0.0,0.0,2.5,0.0,1.0,1.0,0.0,0.0
642,1.0,0.0,640.5,0.0,0.0,0.0,2.5,0.0,1.0,0.0,640.5,0.0,0.0,0.0,2.5,0.0,1.0,1.0,0.0,0.0
643,1.0,0.0,641.5,0.0,0.0,0.0,2.5,0.0,1.0,0.0,641.5,0.0,0.0,0.0,2.5,0.0,1.0,1.0,0.0,0.0
644,1.0,0.0,642.5,0.0,0.0,0.0,2.5,0.0,1.0,0.0,642.5,0.0,0.0,0.0,2.5,0.0,1.0,1.0,0.0,0.0
645,1.0,0.0,643.5,0.0,0.0,0.0,2.5,0.0,1.0,0.0,643.5,0.0,0.0,0.0,2.5,0.0,1.0,1.0,0.0,0.0
646,1.0,0.0,644.5,0.0,0.0,0.0,2.5,0.0,1.0,0.0,644.5,0.0,0.0,0.0,2.5,0.0,1.0,1.0,0.0,0.0
647,1.0,0.0,645.5,0.0,0.0,0.0,2.5,0.0,1.0,0.0,645.5,0.0,0.0,0.0,2.5,0.0,1.0,1.0,0.0,0.0
648,1.0,0.0,646.5,0.0,0.0,0.0,2.5,0.0,1.0,0.0,646.5,0.0,0.0,0.0,2.5,0.0,1.0,1.0,0.0,0.0
649,1.0,0.0,647.5,0.0,0.0,0.0,2.5,0.0,1.0,0.0,647.5,0.0,0.0,0.0,2.5,0.0,1.0,1.0,0.0,0.0
650,1.0,0.0,648.5,0.0,0.0,0.0,2.5,0.0,1.0,0.0,648.5,0.0,0.0,0.0,2.5,0.0,1.0,1.0,0.0,0.0
651,1.0,0.0,649.5,0.0,0.0,0.0,2.5,0.0,1.0,0.0,649.5,0.0,0.0,0.0,2.5,0.0,1.0,1.0,0.0,0.0
652,1.0,0.0,650.5,0.0,0.0,0.0,2.5,0.0,1.0,0.0,650.5,0.0,0.0,0.0,2.5,0.0,1.0,1.0,0.0,0.0
653,1.0,0.0,651.5,0.0,0.0,0.0,2.5,0.0,1.0,0.0,651.5,0.0,0.0,0.0,2.5,0.0,1.0,1.0,0.0,0.0
654,1.0,0.0,652.5,0.0,0.0,0.0,2.5,0.0,1.0,0.0,652.5,0.0,0.0,0.0,2.5,0.0,1.0,1.0,0.0,0.0
655,1.0,0.0,653.5,0.0,0.0,0.0,2.5,0.0,1.0,0.0,653.5,0.0,0.0,0.0,2.5,0.0,1.0,1.0,0.0,0.0
656,1.0,0.0,654.5,0.0,0.0,0.0,2.5,0.0,1.0,0.0,654.5,0.0,0.0,0.0,2.5,0.0,1.0,1.0,0.0,0.0
657,1.0,0.0,655.5,0.0,0.0,0.0,2.5,0.0,1.0,0.0,655.5,0.0,0.0,0.0,2.5,0.0,1.0,1.0,0.0,0.0
658,1.0,0.0,656.5,0.0,0.0,0.0,2.5,0.0,1.0,0.0,656.5,0.0,0.0,0.0,2.5,0.0,1.0,1.0,0.0,0.0
659,1.0,0.0,657.5,0.0,0.0,0.0,2.5,0.0,1.0,0.0,657.5,0.0,0.0,0.0,2.5,0.0,1.0,1.0,0.0,0.0
660,1.0,0.0,658.5,0.0,0.0,0.0,2.5,0.0,1.0,0.0,658.5,0.0,0.0,0.0,2.5,0.0,1.0,1.0,0.0,0.0
661,1.0,0.0,659.5,0.0,0.0,0.0,2.5,0.0,1.0,0.0,659.5,0.0,0.0,0.0,2.5,0.0,1.0,1.0,0.0,0.0
662,1.0,0.0,660.5,0.0,0.0,0.0,2.5,0.0,1.0,0.0,660.5,0.0,0.0,0.0,2.5,0.0,1.0,1.0,0.0,0.0
663,1.0,0.0,661.5,0.0,0.0,0.0,2.5,0.0,1.0,0.0,661.5,0.0,0.0,0.0,2.5,0.0,1.0,1.0,0.0,0.0
664,1.0,0.0,662.5,0.0,0.0,0.0,2.5,0.0,1.0,0.0,662.5,0.0,0.0,0.0,2.5,0.0,1.0,1.0,0.0,0.0
665,1.0,0.0,663.5,0.0,0.0,0.0,2.5,0.0,1.0,0.0,663.5,0.0,0.0,0.0,2.5,0.0,1.0,1.0,0.0,0.0
666,1.0,0.0,664.5,0.0,0.0,0.0,2.5,0.0,1.0,0.0,664.5,0.0,0.0,0.0,2.5,0.0,1.0,1.0,0.0,0.0
667,1.0,0.0,665.5,0.0,0.0,0.0,2.5,0.0,1.0,0.0,665.5,0.0,0.0,0.0,2.5,0.0,1.0,1.0,0.0,0.0
668,1.0,0.0,666.5,0.0,0.0,0.0,2.5,0.0,1.0,0.0,666.5,0.0,0.0,0.0,2.5,0.0,1.0,1.0,0.0,0.0
669,1.0,0.0,667.5,0.0,0.0,0.0,2.5,0.0,1.0,0.0,667.5,0.0,0.0,0.0,2.5,0.0,1.0,1.0,0.0,0.0
670,1.0,0.0,668.5,0.0,0.0,0.0,2.5,0.0,1.0,0.0,668.5,0.0,0.0,0.0,2.5,0.0,1.0,1.0,0.0,0.0
671,1.0,0.0,669.5,0.0,0.0,0.0,2.5,0.0,1.0,0.0,669.5,0.0,0.0,0.0,2.5,0.0,1.0,1.0,0.0,0.0
672,1.0,0.0,670.5,0.0,0.0,0.0,2.5,0.0,1.0,0.0,670.5,0.0,0.0,0.0,2.5,0.0,1.0,1.0,0.0,0.0
673,1.0,0.0,671.5,0.0,0.0,0.0,2.5,0.0,1.0,0.0,671.5,0.0,0.0,0.0,2.5,0.0,1.0,1.0,0.0,0.0
674,1.0,0.0,672.5,0.0,0.0,0.0,2.5,0.0,1.0,0.0,672.5,0.0,0.0,0.0,2.5,0.0,1.0,1.0,0.0,0.0
675,1.0,0.0,673.5,0.0,0.0,0.0,2.5,0.0,1.0,0.0,673.5,0.0,0.0,0.0,2.5,0.0,1.0,1.0,0.0,0.0
676,1.0,0.0,674.5,0.0,0.0,0.0,2.5,0.0,1.0,0.0,674.5,0.0,0.0,0.0,2.5,0.0,1.0,1.0,0.0,0.0
677,1.0,0.0,675.5,0.0,0.0,0.0,2.5,0.0,1.0,0.0,675.5,0.0,0.0,0.0,2.5,0.0,1.0,1.0,0.0,0.0
678,1.0,0.0,676.5,0.0,0.0,0.0,2.5,0.0,1.0,0.0,676.5,0.0,0.0,0.0,2.5,0.0,1.0,1.0,0.0,0.0
679,1.0,0.0,677.5,0.0,0.0,0.0,2.5,0.0,1.0,0.0,677.5,0.0,0.0,0.0,2.5,0.0,1.0,1.0,0.0,0.0
680,1.0,0.0,678.5,0.0,0.0,0.0,2.5,0.0,1.0,0.0,678.5,0.0,0.0,0.0,2.5,0.0,1.0,1.0,0.0,0.0
681,1.0,0.0,679.5,0.0,0.0,0.0,2.5,0.0,1.0,0.0,679.5,0.0,0.0,0.0,2.5,0.0,1.0,1.0,0.0,0.0
682,1.0,0.0,680.5,0.0,0.0,0.0,2.5,0.0,1.0,0.0,680.5,0.0,0.0,0.0,2.5,0.0,1.0,1.0,0.0,0.0
683,1.0,0.0,681.5,0.0,0.0,0.0,2.5,0.0,1.0,0.0,681.5,0.0,0.0,0.0,2.5,0.0,1.0,1.0,0.0,0.0
684,1.0,0.0,682.5,0.0,0.0,0.0,2.5,0.0,1.0,0.0,682.5,0.0,0.0,0.0,2.5,0.0,1.0,1.0,0.0,0.0
685,1.0,0.0,683.5,0.0,0.0,0.0,2.5,0.0,1.0,0.0,683.5,0.0,0.0,0.0,2.5,0.0,1.0,1.0,0.0,0.0
686,1.0,0.0,684.5,0.0,0.0,0.0,2.5,0.0,1.0,0.0,684.5,0.0,0.0,0.0,2.5,0.0,1.0,1.0,0.0,0.0
687,1.0,0.0,685.5,0.0,0.0,0.0,2.5,0.0,1.0,0.0,685.5,0.0,0.0,0.0,2.5,0.0,1.0,1.0,0.0,0.0
688,1.0,0.0,686.5,0.0,0.0,0.0,2.5,0.0,1.0,0.0,686.5,0.0,0.0,0.0,2.5,0.0,1.0,1.0,0.0,0.0
689,1.0,0.0,687.5,0.0,0.0,0.0,2.5,0.0,1.0,0.0,687.5,0.0,0.0,0.0,2.5,0.0,1.0,1.0,0.0,0.0
690,1.0,0.0,688.5,0.0,0.0,0.0,2.5,0.0,1.0,0.0,688.5,0.0,0.0,0.0,2.5,0.0,1.0,1.0,0.0,0.0
691,1.0,0.0,689.5,0.0,0.0,0.0,2.5,0.0,1.0,0.0,689.5,0.0,0.0,0.0,2.5,0.0,1.0,1.0,0.0,0.0
692,1.0,0.0,690.5,0.0,0.0,0.0,2.5,0.0,1.0,0.0,690.5,0.0,0.0,0.0,2.5,0.0,1.0,1.0,0.0,0.0
693,1.0,0.0,691.5,0.0,0.0,0.0,2.5,0.0,1.0,0.0,691.5,0.0,0.0,0.0,2.5,0.0,1.0,1.0,0.0,0.0
694,1.0,0.0,692.5,0.0,0.0,0.0,2.5,0.0,1.0,0.0,692.5,0.0,0.0,0.0,2.5,0.0,1.0,1.0,0.0,0.0
695,1.0,0.0,693.5,0.0,0.0,0.0,2.5,0.0,1.0,0.0,693.5,0.0,0.0,0.0,2.5,0.0,1.0,1.0,0.0,0.0
696,1.0,0.0,694.5,0.0,0.0,0.0,2.5,0.0,1.0,0.0,694.5,0.0,0.0,0.0,2.5,0.0,1.0,1.0,0.0,0.0
697,1.0,0.0,695.5,0.0,0.0,0.0,2.5,0.0,1.0,0.0,695.5,0.0,0.0,0.0,2.5,0.0,1.0,1.0,0.0,0.0
698,1.0,0.0,696.5,0.0,0.0,0.0,2.5,0.0,1.0,0.0,696.5,0.0,0.0,0.0,2.5,0.0,1.0,1.0,0.0,0.0
699,1.0,0.0,697.5,0.0,0.0,0.0,2.5,0.0,1.0,0.0,697.5,0.0,0.0,0.0,2.5,0.0,1.0,1.0,0.0,0.0
700,1.0,0.0,698.5,0.0,0.0,0.0,2.5,0.0,1.0,0.0,698.5,0.0,0.0,0.0,2.5,0.0,1.0,1.0,0.0,0.0
701,1.0,0.0,699.5,0.0,0.0,0.0,2.5,0.0,1.0,0.0,699.5,0.0,0.0,0.0,2.5,0.0,1.0,1.0,0.0,0.0
702,1.0,0.0,700.5,0.0,0.0,0.0,2.5,0.0,1.0,0.0,700.5,0.0,0.0,0.0,2.5,0.0,1.0,1.0,0.0,0.0
703,1.0,0.0,701.5,0.0,0.0,0.0,2.5,0.0,1.0,0.0,701.5,0.0,0.0,0.0,2.5,0.0,1.0,1.0,0.0,0.0
704,1.0,0.0,702.5,0.0,0.0,0.0,2.5,0.0,1.0,0.0,702.5,0.0,0.0,0.0,2.5,0.0,1.0,1.0,0.0,0.0
705,1.0,0.0,703.5,0.0,0.0,0.0,2.5,0.0,1.0,0.0,703.5,0.0,0.0,0.0,2.5,0.0,1.0,1.0,0.0,0.0
706,1.0,0.0,704.5,0.0,0.0,0.0,2.5,0.0,1.0,0.0,704.5,0.0,0.0,0.0,2.5,0.0,1.0,1.0,0.0,0.0
707,1.0,0.0,705.5,0.0,0.0,0.0,2.5,0.0,1.0,0.0,705.5,0.0,0.0,0.0,2.5,0.0,1.0,1.0,0.0,0.0
708,1.0,0.0,706.5,0.0,0.0,0.0,2.5,0.0,1.0,0.0,706.5,0.0,0.0,0.0,2.5,0.0,1.0,1.0,0.0,0.0
709,1.0,0.0,707.5,0.0,0.0,0.0,2.5,0.0,1.0,0.0,707.5,0.0,0.0,0.0,2.5,0.0,1.0,1.0,0.0,0.0
710,1.0,0.0,708.5,0.0,0.0,0.0,2.5,0.0,1.0,0.0,708.5,0.0,0.0,0.0,2.5,0.0,1.0,1.0,0.0,0.0
711,1.0,0.0,709.5,0.0,0.0,0.0,2.5,0.0,1.0,0.0,709.5,0.0,0.0,0.0,2.5,0.0,1.0,1.0,0.0,0.0
712,1.0,0.0,710.5,0.0,0.0,0.0,2.5,0.0,1.0,0.0,710.5,0.0,0.0,0.0,2.5,0.0,1.0,1.0,0.0,0.0
713,1.0,0.0,711.5,0.0,0.0,0.0,2.5,0.0,1.0,0.0,711.5,0.0,0.0,0.0,2.5,0.0,1.0,1.0,0.0,0.0
714,1.0,0.0,712.5,0.0,0.0,0.0,2.5,0.0,1.0,0.0,712.5,0.0,0.0,0.0,2.5,0.0,1.0,1.0,0.0,0.0
715,1.0,0.0,713.5,0.0,0.0,0.0,2.5,0.0,1.0,0.0,713.5,0.0,0.0,0.0,2.5,0.0,1.0,1.0,0.0,0.0
716,1.0,0.0,714.5,0.0,0.0,0.0,2.5,0.0,1.0,0.0,714.5,0.0,0.0,0.0,2.5,0.0,1.0,1.0,0.0,0.0
717,1.0,0.0,715.5,0.0,0.0,0.0,2.5,0.0,1.0,0.0,715.5,0.0,0.0,0.0,2.5,0.0,1.0,1.0,0.0,0.0
718,1.0,0.0,716.5,0.0,0.0,0.0,2.5,0.0,1.0,0.0,716.5,0.0,0.0,0.0,2.5,0.0,1.0,1.0,0.0,0.0
719,1.0,0.0,717.5,0.0,0.0,0.0,2.5,0.0,1.0,0.0,717.5,0.0,0.0,0.0,2.5,0.0,1.0,1.0,0.0,0.0
720,1.0,0.0,718.5,0.0,0.0,0.0,2.5,0.0,1.0,0.0,718.5,0.0,0.0,0.0,2.5,0.0,1.0,1.0,0.0,0.0
721,1.0,0.0,719.5,0.0,0.0,0.0,2.5,0.0,1.0,0.0,719.5,0.0,0.0,0.0,2.5,0.0,1.0,1.0,0.0,0.0
722,1.0,0.0,720.5,0.0,0.0,0.0,2.5,0.0,1.0,0.0,720.5,0.0,0.0,0.0,2.5,0.0,1.0,1.0,0.0,0.0
723,1.0,0.0,721.5,0.0,0.0,0.0,2.5,0.0,1.0,0.0,721.5,0.0,0.0,0.0,2.5,0.0,1.0,1.0,0.0,0.0
724,1.0,0.0,722.5,0.0,0.0,0.0,2.5,0.0,1.0,0.0,722.5,0.0,0.0,0.0,2.5,0.0,1.0,1.0,0.0,0.0
725,1.0,0.0,723.5,0.0,0.0,0.0,2.5,0.0,1.0,0.0,723.5,0.0,0.0,0.0,2.5,0.0,1.0,1.0,0.0,0.0
726,1.0,0.0,724.5,0.0,0.0,0.0,2.5,0.0,1.0,0.0,724.5,0.0,0.0,0.0,2.5,0.0,1.0,1.0,0.0,0.0
727,1.0,0.0,725.5,0.0,0.0,0.0,2.5,0.0,1.0,0.0,725.5,0.0,0.0,0.0,2.5,0.0,1.0,1.0,0.0,0.0
728,1.0,0.0,726.5,0.0,0.0,0.0,2.5,0.0,1.0,0.0,726.5,0.0,0.0,0.0,2.5,0.0,1.0,1.0,0.0,0.0
729,1.0,0.0,727.5,0.0,0.0,0.0,2.5,0.0,1.0,0.0,727.5,0.0,0.0,0.0,2.5,0.0,1.0,1.0,0.0,0.0
730,1.0,0.0,728.5,0.0,0.0,0.0,2.5,0.0,1.0,0.0,728.5,0.0,0.0,0.0,2.5,0.0,1.0,1.0,0.0,0.0
731,1.0,0.0,729.5,0.0,0.0,0.0,2.5,0.0,1.0,0.0,729.5,0.0,0.0,0.0,2.5,0.0,1.0,1.0,0.0,0.0
732,1.0,0.0,730.5,0.0,0.0,0.0,2.5,0.0,1.0,0.0,730.5,0.0,0.0,0.0,2.5,0.0,1.0,1.0,0.0,0.0
733,1.0,0.0,731.5,0.0,0.0,0.0,2.5,0.0,1.0,0.0,731.5,0.0,0.0,0.0,2.5,0.0,1.0,1.0,0.0,0.0
734,1.0,0.0,732.5,0.0,0.0,0.0,2.5,0.0,1.0,0.0,732.5,0.0,0.0,0.0,2.5,0.0,1.0,1.0,0.0,0.0
735,1.0,0.0,733.5,0.0,0.0,0.0,2.5,0.0,1.0,0.0,733.5,0.0,0.0,0.0,2.5,0.0,1.0,1.0,0.0,0.0
736,1.0,0.0,734.5,0.0,0.0,0.0,2.5,0.0,1.0,0.0,734.5,0.0,0.0,0.0,2.5,0.0,1.0,1.0,0.0,0.0
737,1.0,0.0,735.5,0.0,0.0,0.0,2.5,0.0,1.0,0.0,735.5,0.0,0.0,0.0,2.5,0.0,1.0,1.0,0.0,0.0
738,1.0,0.0,736.5,0.0,0.0,0.0,2.5,0.0,1.0,0.0,736.5,0.0,0.0,0.0,2.5,0.0,1.0,1.0,0.0,0.0
739,1.0,0.0,737.5,0.0,0.0,0.0,2.5,0.0,1.0,0.0,737.5,0.0,0.0,0.0,2.5,0.0,1.0,1.0,0.0,0.0
740,1.0,0.0,738.5,0.0,0.0,0.0,2.5,0.0,1.0,0.0,738.5,0.0,0.0,0.0,2.5,0.0,1.0,1.0,0.0,0.0
741,1.0,0.0,739.5,0.0,0.0,0.0,2.5,0.0,1.0,0.0,739.5,0.0,0.0,0.0,2.5,0.0,1.0,1.0,0.0,0.0
742,1.0,0.0,740.5,0.0,0.0,0.0,2.5,0.0,1.0,0.0,740.5,0.0,0.0,0.0,2.5,0.0,1.0,1.0,0.0,0.0
743,1.0,0.0,741.5,0.0,0.0,0.0,2.5,0.0,1.0,0.0,741.5,0.0,0.0,0.0,2.5,0.0,1.0,1.0,0.0,0.0
744,1.0,0.0,742.5,0.0,0.0,0.0,2.5,0.0,1.0,0.0,742.5,0.0,0.0,0.0,2.5,0.0,1.0,1.0,0.0,0.0
745,1.0,0.0,743.5,0.0,0.0,0.0,2.5,0.0,1.0,0.0,743.5,0.0,0.0,0.0,2.5,0.0,1.0,1.0,0.0,0.0
746,1.0,0.0,744.5,0.0,0.0,0.0,2.5,0.0,1.0,0.0,744.5,0.0,0.0,0.0,2.5,0.0,1.0,1.0,0.0,0.0
747,1.0,0.0,745.5,0.0,0.0,0.0,2.5,0.0,1.0,0.0,745.5,0.0,0.0,0.0,2.5,0.0,1.0,1.0,0.0,0.0
748,1.0,0.0,746.5,0.0,0.0,0.0,2.5,0.0,1.0,0.0,746.5,0.0,0.0,0.0,2.5,0.0,1.0,1.0,0.0,0.0
749,1.0,0.0,747.5,0.0,0.0,0.0,2.5,0.0,1.0,0.0,747.5,0.0,0.0,0.0,2.5,0.0,1.0,1.0,0.0,0.0
750,1.0,0.0,748.5,0.0,0.0,0.0,2.5,0.0,1.0,0.0,748.5,0.0,0.0,0.0,2.5,0.0,1.0,1.0,0.0,0.0
751,1.0,0.0,749.5,0.0,0.0,0.0,2.5,0.0,1.0,0.0,749.5,0.0,0.0,0.0,2.5,0.0,1.0,1.0,0.0,0.0
752,1.0,0.0,750.5,0.0,0.0,0.0,2.5,0.0,1.0,0.0,750.5,0.0,0.0,0.0,2.5,0.0,1.0,1.0,0.0,0.0
753,1.0,0.0,751.5,0.0,0.0,0.0,2.5,0.0,1.0,0.0,751.5,0.0,0.0,0.0,2.5,0.0,1.0,1.0,0.0,0.0
754,1.0,0.0,752.5,0.0,0.0,0.0,2.5,0.0,1.0,0.0,752.5,0.0,0.0,0.0,2.5,0.0,1.0,1.0,0.0,0.0
755,1.0,0.0,753.5,0.0,0.0,0.0,2.5,0.0,1.0,0.0,753.5,0.0,0.0,0.0,2.5,0.0,1.0,1.0,0.0,0.0
756,1.0,0.0,754.5,0.0,0.0,0.0,2.5,0.0,1.0,0.0,754.5,0.0,0.0,0.0,2.5,0.0,1.0,1.0,0.0,0.0
757,1.0,0.0,755.5,0.0,0.0,0.0,2.5,0.0,1.0,0.0,755.5,0.0,0.0,0.0,2.5,0.0,1.0,1.0,0.0,0.0
758,1.0,0.0,756.5,0.0,0.0,0.0,2.5,0.0,1.0,0.0,756.5,0.0,0.0,0.0,2.5,0.0,1.0,1.0,0.0,0.0
759,1.0,0.0,757.5,0.0,0.0,0.0,2.5,0.0,1.0,0.0,757.5,0.0,0.0,0.0,2.5,0.0,1.0,1.0,0.0,0.0
760,1.0,0.0,758.5,0.0,0.0,0.0,2.5,0.0,1.0,0.0,758.5,0.0,0.0,0.0,2.5,0.0,1.0,1.0,0.0,0.0
761,1.0,0.0,759.5,0.0,0.0,0.0,2.5,0.0,1.0,0.0,759.5,0.0,0.0,0.0,2.5,0.0,1.0,1.0,0.0,0.0
762,1.0,0.0,760.5,0.0,0.0,0.0,2.5,0.0,1.0,0.0,760.5,0.0,0.0,0.0,2.5,0.0,1.0,1.0,0.0,0.0
763,1.0,0.0,761.5,0.0,0.0,0.0,2.5,0.0,1.0,0.0,761.5,0.0,0.0,0.0,2.5,0.0,1.0,1.0,0.0,0.0
764,1.0,0.0,762.5,0.0,0.0,0.0,2.5,0.0,1.0,0.0,762.5,0.0,0.0,0.0,2.5,0.0,1.0,1.0,0.0,0.0
765,1.0,0.0,763.5,0.0,0.0,0.0,2.5,0.0,1.0,0.0,763.5,0.0,0.0,0.0,2.5,0.0,1.0,1.0,0.0,0.0
766,1.0,0.0,764.5,0.0,0.0,0.0,2.5,0.0,1.0,0.0,764.5,0.0,0.0,0.0,2.5,0.0,1.0,1.0,0.0,0.0
767,1.0,0.0,765.5,0.0,0.0,0.0,2.5,0.0,1.0,0.0,765.5,0.0,0.0,0.0,2.5,0.0,1.0,1.0,0.0,0.0
768,1.0,0.0,766.5,0.0,0.0,0.0,2.5,0.0,1.0,0.0,766.5,0.0,0.0,0.0,2.5,0.0,1.0,1.0,0.0,0.0
769,1.0,0.0,767.5,0.0,0.0,0.0,2.5,0.0,1.0,0.0,767.5,0.0,0.0,0.0,2.5,0.0,1.0,1.0,0.0,0.0
770,1.0,0.0,768.5,0.0,0.0,0.0,2.5,0.0,1.0,0.0,768.5,0.0,0.0,0.0,2.5,0.0,1.0,1.0,0.0,0.0
771,1.0,0.0,769.5,0.0,0.0,0.0,2.5,0.0,1.0,0.0,769.5,0.0,0.0,0.0,2.5,0.0,1.0,1.0,0.0,0.0
772,1.0,0.0,770.5,0.0,0.0,0.0,2.5,0.0,1.0,0.0,770.5,0.0,0.0,0.0,2.5,0.0,1.0,1.0,0.0,0.0
773,1.0,0.0,771.5,0.0,0.0,0.0,2.5,0.0,1.0,0.0,771.5,0.0,0.0,0.0,2.5,0.0,1.0,1.0,0.0,0.0
774,1.0,0.0,772.5,0.0,0.0,0.0,2.5,0.0,1.0,0.0,772.5,0.0,0.0,0.0,2.5,0.0,1.0,1.0,0.0,0.0
775,1.0,0.0,773.5,0.0,0.0,0.0,2.5,0.0,1.0,0.0,773.5,0.0,0.0,0.0,2.5,0.0,1.0,1.0,0.0,0.0
776,1.0,0.0,774.5,0.0,0.0,0.0,2.5,0.0,1.0,0.0,774.5,0.0,0.0,0.0,2.5,0.0,1.0,1.0,0.0,0.0
777,1.0,0.0,775.5,0.0,0.0,0.0,2.5,0.0,1.0,0.0,775.5,0.0,0.0,0.0,2.5,0.0,1.0,1.0,0.0,0.0
778,1.0,0.0,776.5,0.0,0.0,0.0,2.5,0.0,1.0,0.0,776.5,0.0,0.0,0.0,2.5,0.0,1.0,1.0,0.0,0.0
779,1.0,0.0,777.5,0.0,0.0,0.0,2.5,0.0,1.0,0.0,777.5,0.0,0.0,0.0,2.5,0.0,1.0,1.0,0.0,0.0
780,1.0,0.0,778.5,0.0,0.0,0.0,2.5,0.0,1.0,0.0,778.5,0.0,0.0,0.0,2.5,0.0,1.0,1.0,0.0,0.0
781,1.0,0.0,779.5,0.0,0.0,0.0,2.5,0.0,1.0,0.0,779.5,0.0,0.0,0.0,2.5,0.0,1.0,1.0,0.0,0.0
782,1.0,0.0,780.5,0.0,0.0,0.0,2.5,0.0,1.0,0.0,780.5,0.0,0.0,0.0,2.5,0.0,1.0,1.0,0.0,0.0
783,1.0,0.0,781.5,0.0,0.0,0.0,2.5,0.0,1.0,0.0,781.5,0.0,0.0,0.0,2.5,0.0,1.0,1.0,0.0,0.0
784,1.0,0.0,782.5,0.0,0.0,0.0,2.5,0.0,1.0,0.0,782.5,0.0,0.0,0.0,2.5,0.0,1.0,1.0,0.0,0.0
785,1.0,0.0,783.5,0.0,0.0,0.0,2.5,0.0,1.0,0.0,783.5,0.0,0.0,0.0,2.5,0.0,1.0,1.0,0.0,0.0
786,1.0,0.0,784.5,0.0,0.0,0.0,2.5,0.0,1.0,0.0,784.5,0.0,0.0,0.0,2.5,0.0,1.0,1.0,0.0,0.0
787,1.0,0.0,785.5,0.0,0.0,0.0,2.5,0.0,1.0,0.0,785.5,0.0,0.0,0.0,2.5,0.0,1.0,1.0,0.0,0.0
788,1.0,0.0,786.5,0.0,0.0,0.0,2.5,0.0,1.0,0.0,786.5,0.0,0.0,0.0,2.5,0.0,1.0,1.0,0.0,0.0
789,1.0,0.0,787.5,0.0,0.0,0.0,2.5,0.0,1.0,0.0,787.5,0.0,0.0,0.0,2.5,0.0,1.0,1.0,0.0,0.0
790,1.0,0.0,788.5,0.0,0.0,0.0,2.5,0.0,1.0,0.0,788.5,0.0,0.0,0.0,2.5,0.0,1.0,1.0,0.0,0.0
791,1.0,0.0,789.5,0.0,0.0,0.0,2.5,0.0,1.0,0.0,789.5,0.0,0.0,0.0,2.5,0.0,1.0,1.0,0.0,0.0
792,1.0,0.0,790.5,0.0,0.0,0.0,2.5,0.0,1.0,0.0,790.5,0.0,0.0,0.0,2.5,0.0,1.0,1.0,0.0,0.0
793,1.0,0.0,791.5,0.0,0.0,0.0,2.5,0.0,1.0,0.0,791.5,0.0,0.0,0.0,2.5,0.0,1.0,1.0,0.0,0.0
794,1.0,0.0,792.5,0.0,0.0,0.0,2.5,0.0,1.0,0.0,792.5,0.0,0.0,0.0,2.5,0.0,1.0,1.0,0.0,0.0
795,1.0,0.0,793.5,0.0,0.0,0.0,2.5,0.0,1.0,0.0,793.5,0.0,0.0,0.0,2.5,0.0,1.0,1.0,0.0,0.0
796,1.0,0.0,794.5,0.0,0.0,0.0,2.5,0.0,1.0,0.0,794.5,0.0,0.0,0.0,2.5,0.0,1.0,1.0,0.0,0.0
797,1.0,0.0,795.5,0.0,0.0,0.0,2.5,0.0,1.0,0.0,795.5,0.0,0.0,0.0,2.5,0.0,1.0,1.0,0.0,0.0
798,1.0,0.0,796.5,0.0,0.0,0.0,2.5,0.0,1.0,0.0,796.5,0.0,0.0,0.0,2.5,0.0,1.0,1.0,0.0,0.0
799,1.0,0.0,797.5,0.0,0.0,0.0,2.5,0.0,1.0,0.0,797.5,0.0,0.0,0.0,2.5,0.0,1.0,1.0,0.0,0.0
800,1.0,0.0,798.5,0.0,0.0,0.0,2.5,0.0,1.0,0.0,798.5,0.0,0.0,0.0,2.5,0.0,1.0,1.0,0.0,0.0
801,1.0,0.0,799.5,0.0,0.0,0.0,2.5,0.0,1.0,0.0,799.5,0.0,0.0,0.0,2.5,0.0,1.0,1.0,0.0,0.0
802,1.0,0.0,800.5,0.0,0.0,0.0,2.5,0.0,1.0,0.0,800.5,0.0,0.0,0.0,2.5,0.0,1.0,1.0,0.0,0.0
803,1.0,0.0,801.5,0.0,0.0,0.0,2.5,0.0,1.0,0.0,801.5,0.0,0.0,0.0,2.5,0.0,1.0,1.0,0.0,0.0
804,1.0,0.0,802.5,0.0,0.0,0.0,2.5,0.0,1.0,0.0,802.5,0.0,0.0,0.0,2.5,0.0,1.0,1.0,0.0,0.0
805,1.0,0.0,803.5,0.0,0.0,0.0,2.5,0.0,1.0,0.0,803.5,0.0,0.0,0.0,2.5,0.0,1.0,1.0,0.0,0.0
806,1.0,0.0,804.5,0.0,0.0,0.0,2.5,0.0,1.0,0.0,804.5,0.0,0.0,0.0,2.5,0.0,1.0,1.0,0.0,0.0
807,1.0,0.0,805.5,0.0,0.0,0.0,2.5,0.0,1.0,0.0,805.5,0.0,0.0,0.0,2.5,0.0,1.0,1.0,0.0,0.0
808,1.0,0.0,806.5,0.0,0.0,0.0,2.5,0.0,1.0,0.0,806.5,0.0,0.0,0.0,2.5,0.0,1.0,1.0,0.0,0.0
809,1.0,0.0,807.5,0.0,0.0,0.0,2.5,0.0,1.0,0.0,807.5,0.0,0.0,0.0,2.5,0.0,1.0,1.0,0.0,0.0
810,1.0,0.0,808.5,0.0,0.0,0.0,2.5,0.0,1.0,0.0,808.5,0.0,0.0,0.0,2.5,0.0,1.0,1.0,0.0,0.0
811,1.0,0.0,809.5,0.0,0.0,0.0,2.5,0.0,1.0,0.0,809.5,0.0,0.0,0.0,2.5,0.0,1.0,1.0,0.0,0.0
812,1.0,0.0,810.5,0.0,0.0,0.0,2.5,0.0,1.0,0.0,810.5,0.0,0.0,0.0,2.5,0.0,1.0,1.0,0.0,0.0
813,1.0,0.0,811.5,0.0,0.0,0.0,2.5,0.0,1.0,0.0,811.5,0.0,0.0,0.0,2.5,0.0,1.0,1.0,0.0,0.0
814,1.0,0.0,812.5,0.0,0.0,0.0,2.5,0.0,1.0,0.0,812.5,0.0,0.0,0.0,2.5,0.0,1.0,1.0,0.0,0.0
815,1.0,0.0,813.5,0.0,0.0,0.0,2.5,0.0,1.0,0.0,813.5,0.0,0.0,0.0,2.5,0.0,1.0,1.0,0.0,0.0
816,1.0,0.0,814.5,0.0,0.0,0.0,2.5,0.0,1.0,0.0,814.5,0.0,0.0,0.0,2.5,0.0,1.0,1.0,0.0,0.0
817,1.0,0.0,815.5,0.0,0.0,0.0,2.5,0.0,1.0,0.0,815.5,0.0,0.0,0.0,2.5,0.0,1.0,1.0,0.0,0.0
818,1.0,0.0,816.5,0.0,0.0,0.0,2.5,0.0,1.0,0.0,816.5,0.0,0.0,0.0,2.5,0.0,1.0,1.0,0.0,0.0
819,1.0,0.0,817.5,0.0,0.0,0.0,2.5,0.0,1.0,0.0,817.5,0.0,0.0,0.0,2.5,0.0,1.0,1.0,0.0,0.0
820,1.0,0.0,818.5,0.0,0.0,0.0,2.5,0.0,1.0,0.0,818.5,0.0,0.0,0.0,2.5,0.0,1.0,1.0,0.0,0.0
821,1.0,0.0,819.5,0.0,0.0,0.0,2.5,0.0,1.0,0.0,819.5,0.0,0.0,0.0,2.5,0.0,1.0,1.0,0.0,0.0
822,1.0,0.0,820.5,0.0,0.0,0.0,2.5,0.0,1.0,0.0,820.5,0.0,0.0,0.0,2.5,0.0,1.0,1.0,0.0,0.0
823,1.0,0.0,821.5,0.0,0.0,0.0,2.5,0.0,1.0,0.0,821.5,0.0,0.0,0.0,2.5,0.0,1.0,1.0,0.0,0.0
824,1.0,0.0,822.5,0.0,0.0,0.0,2.5,0.0,1.0,0.0,822.5,0.0,0.0,0.0,2.5,0.0,1.0,1.0,0.0,0.0
825,1.0,0.0,823.5,0.0,0.0,0.0,2.5,0.0,1.0,0.0,823.5,0.0,0.0,0.0,2.5,0.0,1.0,1.0,0.0,0.0
826,1.0,0.0,824.5,0.0,0.0,0.0,2.5,0.0,1.0,0.0,824.5,0.0,0.0,0.0,2.5,0.0,1.0,1.0,0.0,0.0
827,1.0,0.0,825.5,0.0,0.0,0.0,2.5,0.0,1.0,0.0,825.5,0.0,0.0,0.0,2.5,0.0,1.0,1.0,0.0,0.0
828,1.0,0.0,826.5,0.0,0.0,0.0,2.5,0.0,1.0,0.0,826.5,0.0,0.0,0.0,2.5,0.0,1.0,1.0,0.0,0.0
829,1.0,0.0,827.5,0.0,0.0,0.0,2.5,0.0,1.0,0.0,827.5,0.0,0.0,0.0,2.5,0.0,1.0,1.0,0.0,0.0
830,1.0,0.0,828.5,0.0,0.0,0.0,2.5,0.0,1.0,0.0,828.5,0.0,0.0,0.0,2.5,0.0,1.0,1.0,0.0,0.0
831,1.0,0.0,829.5,0.0,0.0,0.0,2.5,0.0,1.0,0.0,829.5,0.0,0.0,0.0,2.5,0.0,1.0,1.0,0.0,0.0
832,1.0,0.0,830.5,0.0,0.0,0.0,2.5,0.0,1.0,0.0,830.5,0.0,0.0,0.0,2.5,0.0,1.0,1.0,0.0,0.0
833,1.0,0.0,831.5,0.0,0.0,0.0,2.5,0.0,1.0,0.0,831.5,0.0,0.0,0.0,2.5,0.0,1.0,1.0,0.0,0.0
834,1.0,0.0,832.5,0.0,0.0,0.0,2.5,0.0,1.0,0.0,832.5,0.0,0.0,0.0,2.5,0.0,1.0,1.0,0.0,0.0
835,1.0,0.0,833.5,0.0,0.0,0.0,2.5,0.0,1.0,0.0,833.5,0.0,0.0,0.0,2.5,0.0,1.0,1.0,0.0,0.0
836,1.0,0.0,834.5,0.0,0.0,0.0,2.5,0.0,1.0,0.0,834.5,0.0,0.0,0.0,2.5,0.0,1.0,1.0,0.0,0.0
837,1.0,0.0,835.5,0.0,0.0,0.0,2.5,0.0,1.0,0.0,835.5,0.0,0.0,0.0,2.5,0.0,1.0,1.0,0.0,0.0
838,1.0,0.0,836.5,0.0,0.0,0.0,2.5,0.0,1.0,0.0,836.5,0.0,0.0,0.0,2.5,0.0,1.0,1.0,0.0,0.0
839,1.0,0.0,837.5,0.0,0.0,0.0,2.5,0.0,1.0,0.0,837.5,0.0,0.0,0.0,2.5,0.0,1.0,1.0,0.0,0.0
840,1.0,0.0,838.5,0.0,0.0,0.0,2.5,0.0,1.0,0.0,838.5,0.0,0.0,0.0,2.5,0.0,1.0,1.0,0.0,0.0
841,1.0,0.0,839.5,0.0,0.0,0.0,2.5,0.0,1.0,0.0,839.5,0.0,0.0,0.0,2.5,0.0,1.0,1.0,0.0,0.0
842,1.0,0.0,840.5,0.0,0.0,0.0,2.5,0.0,1.0,0.0,840.5,0.0,0.0,0.0,2.5,0.0,1.0,1.0,0.0,0.0
843,1.0,0.0,841.5,0.0,0.0,0.0,2.5,0.0,1.0,0.0,841.5,0.0,0.0,0.0,2.5,0.0,1.0,1.0,0.0,0.0
844,1.0,0.0,842.5,0.0,0.0,0.0,2.5,0.0,1.0,0.0,842.5,0.0,0.0,0.0,2.5,0.0,1.0,1.0,0.0,0.0
845,1.0,0.0,843.5,0.0,0.0,0.0,2.5,0.0,1.0,0.0,843.5,0.0,0.0,0.0,2.5,0.0,1.0,1.0,0.0,0.0
846,1.0,0.0,844.5,0.0,0.0,0.0,2.5,0.0,1.0,0.0,844.5,0.0,0.0,0.0,2.5,0.0,1.0,1.0,0.0,0.0
847,1.0,0.0,845.5,0.0,0.0,0.0,2.5,0.0,1.0,0.0,845.5,0.0,0.0,0.0,2.5,0.0,1.0,1.0,0.0,0.0
848,1.0,0.0,846.5,0.0,0.0,0.0,2.5,0.0,1.0,0.0,846.5,0.0,0.0,0.0,2.5,0.0,1.0,1.0,0.0,0.0
849,1.0,0.0,847.5,0.0,0.0,0.0,2.5,0.0,1.0,0.0,847.5,0.0,0.0,0.0,2.5,0.0,1.0,1.0,0.0,0.0
850,1.0,0.0,848.5,0.0,0.0,0.0,2.5,0.0,1.0,0.0,848.5,0.0,0.0,0.0,2.5,0.0,1.0,1.0,0.0,0.0
851,1.0,0.0,849.5,0.0,0.0,0.0,2.5,0.0,1.0,0.0,849.5,0.0,0.0,0.0,2.5,0.0,1.0,1.0,0.0,0.0
852,1.0,0.0,850.5,0.0,0.0,0.0,2.5,0.0,1.0,0.0,850.5,0.0,0.0,0.0,2.5,0.0,1.0,1.0,0.0,0.0
853,1.0,0.0,851.5,0.0,0.0,0.0,2.5,0.0,1.0,0.0,851.5,0.0,0.0,0.0,2.5,0.0,1.0,1.0,0.0,0.0
854,1.0,0.0,852.5,0.0,0.0,0.0,2.5,0.0,1.0,0.0,852.5,0.0,0.0,0.0,2.5,0.0,1.0,1.0,0.0,0.0
855,1.0,0.0,853.5,0.0,0.0,0.0,2.5,0.0,1.0,0.0,853.5,0.0,0.0,0.0,2.5,0.0,1.0,1.0,0.0,0.0
856,1.0,0.0,854.5,0.0,0.0,0.0,2.5,0.0,1.0,0.0,854.5,0.0,0.0,0.0,2.5,0.0,1.0,1.0,0.0,0.0
857,1.0,0.0,855.5,0.0,0.0,0.0,2.5,0.0,1.0,0.0,855.5,0.0,0.0,0.0,2.5,0.0,1.0,1.0,0.0,0.0
858,1.0,0.0,856.5,0.0,0.0,0.0,2.5,0.0,1.0,0.0,856.5,0.0,0.0,0.0,2.5,0.0,1.0,1.0,0.0,0.0
859,1.0,0.0,857.5,0.0,0.0,0.0,2.5,0.0,1.0,0.0,857.5,0.0,0.0,0.0,2.5,0.0,1.0,1.0,0.0,0.0
860,1.0,0.0,858.5,0.0,0.0,0.0,2.5,0.0,1.0,0.0,858.5,0.0,0.0,0.0,2.5,0.0,1.0,1.0,0.0,0.0
861,1.0,0.0,859.5,0.0,0.0,0.0,2.5,0.0,1.0,0.0,859.5,0.0,0.0,0.0,2.5,0.0,1.0,1.0,0.0,0.0
862,1.0,0.0,860.5,0.0,0.0,0.0,2.5,0.0,1.0,0.0,860.5,0.0,0.0,0.0,2.5,0.0,1.0,1.0,0.0,0.0
863,1.0,0.0,861.5,0.0,0.0,0.0,2.5,0.0,1.0,0.0,861.5,0.0,0.0,0.0,2.5,0.0,1.0,1.0,0.0,0.0
864,1.0,0.0,862.5,0.0,0.0,0.0,2.5,0.0,1.0,0.0,862.5,0.0,0.0,0.0,2.5,0.0,1.0,1.0,0.0,0.0
865,1.0,0.0,863.5,0.0,0.0,0.0,2.5,0.0,1.0,0.0,863.5,0.0,0.0,0.0,2.5,0.0,1.0,1.0,0.0,0.0
866,1.0,0.0,864.5,0.0,0.0,0.0,2.5,0.0,1.0,0.0,864.5,0.0,0.0,0.0,2.5,0.0,1.0,1.0,0.0,0.0
867,1.0,0.0,865.5,0.0,0.0,0.0,2.5,0.0,1.0,0.0,865.5,0.0,0.0,0.0,2.5,0.0,1.0,1.0,0.0,0.0
868,1.0,0.0,866.5,0.0,0.0,0.0,2.5,0.0,1.0,0.0,866.5,0.0,0.0,0.0,2.5,0.0,1.0,1.0,0.0,0.0
869,1.0,0.0,867.5,0.0,0.0,0.0,2.5,0.0,1.0,0.0,867.5,0.0,0.0,0.0,2.5,0.0,1.0,1.0,0.0,0.0
870,1.0,0.0,868.5,0.0,0.0,0.0,2.5,0.0,1.0,0.0,868.5,0.0,0.0,0.0,2.5,0.0,1.0,1.0,0.0,0.0
871,1.0,0.0,869.5,0.0,0.0,0.0,2.5,0.0,1.0,0.0,869.5,0.0,0.0,0.0,2.5,0.0,1.0,1.0,0.0,0.0
872,1.0,0.0,870.5,0.0,0.0,0.0,2.5,0.0,1.0,0.0,870.5,0.0,0.0,0.0,2.5,0.0,1.0,1.0,0.0,0.0
873,1.0,0.0,871.5,0.0,0.0,0.0,2.5,0.0,1.0,0.0,871.5,0.0,0.0,0.0,2.5,0.0,1.0,1.0,0.0,0.0
874,1.0,0.0,872.5,0.0,0.0,0.0,2.5,0.0,1.0,0.0,872.5,0.0,0.0,0.0,2.5,0.0,1.0,1.0,0.0,0.0
875,1.0,0.0,873.5,0.0,0.0,0.0,2.5,0.0,1.0,0.0,873.5,0.0,0.0,0.0,2.5,0.0,1.0,1.0,0.0,0.0
876,1.0,0.0,874.5,0.0,0.0,0.0,2.5,0.0,1.0,0.0,874.5,0.0,0.0,0.0,2.5,0.0,1.0,1.0,0.0,0.0
877,1.0,0.0,875.5,0.0,0.0,0.0,2.5,0.0,1.0,0.0,875.5,0.0,0.0,0.0,2.5,0.0,1.0,1.0,0.0,0.0
878,1.0,0.0,876.5,0.0,0.0,0.0,2.5,0.0,1.0,0.0,876.5,0.0,0.0,0.0,2.5,0.0,1.0,1.0,0.0,0.0
879,1.0,0.0,877.5,0.0,0.0,0.0,2.5,0.0,1.0,0.0,877.5,0.0,0.0,0.0,2.5,0.0,1.0,1.0,0.0,0.0
880,1.0,0.0,878.5,0.0,0.0,0.0,2.5,0.0,1.0,0.0,878.5,0.0,0.0,0.0,2.5,0.0,1.0,1.0,0.0,0.0
881,1.0,0.0,879.5,0.0,0.0,0.0,2.5,0.0,1.0,0.0,879.5,0.0,0.0,0.0,2.5,0.0,1.0,1.0,0.0,0.0
882,1.0,0.0,880.5,0.0,0.0,0.0,2.5,0.0,1.0,0.0,880.5,0.0,0.0,0.0,2.5,0.0,1.0,1.0,0.0,0.0
883,1.0,0.0,881.5,0.0,0.0,0.0,2.5,0.0,1.0,0.0,881.5,0.0,0.0,0.0,2.5,0.0,1.0,1.0,0.0,0.0
884,1.0,0.0,882.5,0.0,0.0,0.0,2.5,0.0,1.0,0.0,882.5,0.0,0.0,0.0,2.5,0.0,1.0,1.0,0.0,0.0
885,1.0,0.0,883.5,0.0,0.0,0.0,2.5,0.0,1.0,0.0,883.5,0.0,0.0,0.0,2.5,0.0,1.0,1.0,0.0,0.0
886,1.0,0.0,884.5,0.0,0.0,0.0,2.5,0.0,1.0,0.0,884.5,0.0,0.0,0.0,2.5,0.0,1.0,1.0,0.0,0.0
887,1.0,0.0,885.5,0.0,0.0,0.0,2.5,0.0,1.0,0.0,885.5,0.0,0.0,0.0,2.5,0.0,1.0,1.0,0.0,0.0
888,1.0,0.0,886.5,0.0,0.0,0.0,2.5,0.0,1.0,0.0,886.5,0.0,0.0,0.0,2.5,0.0,1.0,1.0,0.0,0.0
889,1.0,0.0,887.5,0.0,0.0,0.0,2.5,0.0,1.0,0.0,887.5,0.0,0.0,0.0,2.5,0.0,1.0,1.0,0.0,0.0
890,1.0,0.0,888.5,0.0,0.0,0.0,2.5,0.0,1.0,0.0,888.5,0.0,0.0,0.0,2.5,0.0,1.0,1.0,0.0,0.0
891,1.0,0.0,889.5,0.0,0.0,0.0,2.5,0.0,1.0,0.0,889.5,0.0,0.0,0.0,2.5,0.0,1.0,1.0,0.0,0.0
892,1.0,0.0,890.5,0.0,0.0,0.0,2.5,0.0,1.0,0.0,890.5,0.0,0.0,0.0,2.5,0.0,1.0,1.0,0.0,0.0
893,1.0,0.0,891.5,0.0,0.0,0.0,2.5,0.0,1.0,0.0,891.5,0.0,0.0,0.0,2.5,0.0,1.0,1.0,0.0,0.0
894,1.0,0.0,892.5,0.0,0.0,0.0,2.5,0.0,1.0,0.0,892.5,0.0,0.0,0.0,2.5,0.0,1.0,1.0,0.0,0.0
895,1.0,0.0,893.5,0.0,0.0,0.0,2.5,0.0,1.0,0.0,893.5,0.0,0.0,0.0,2.5,0.0,1.0,1.0,0.0,0.0
896,1.0,0.0,894.5,0.0,0.0,0.0,2.5,0.0,1.0,0.0,894.5,0.0,0.0,0.0,2.5,0.0,1.0,1.0,0.0,0.0
897,1.0,0.0,895.5,0.0,0.0,0.0,2.5,0.0,1.0,0.0,895.5,0.0,0.0,0.0,2.5,0.0,1.0,1.0,0.0,0.0
898,1.0,0.0,896.5,0.0,0.0,0.0,2.5,0.0,1.0,0.0,896.5,0.0,0.0,0.0,2.5,0.0,1.0,1.0,0.0,0.0
899,1.0,0.0,897.5,0.0,0.0,0.0,2.5,0.0,1.0,0.0,897.5,0.0,0.0,0.0,2.5,0.0,1.0,1.0,0.0,0.0
900,1.0,0.0,898.5,0.0,0.0,0.0,2.5,0.0,1.0,0.0,898.5,0.0,0.0,0.0,2.5,0.0,1.0,1.0,0.0,0.0
901,1.0,0.0,899.5,0.0,0.0,0.0,2.5,0.0,1.0,0.0,899.5,0.0,0.0,0.0,2.5,0.0,1.0,1.0,0.0,0.0
902,1.0,0.0,900.5,0.0,0.0,0.0,2.5,0.0,1.0,0.0,900.5,0.0,0.0,0.0,2.5,0.0,1.0,1.0,0.0,0.0
903,1.0,0.0,901.5,0.0,0.0,0.0,2.5,0.0,1.0,0.0,901.5,0.0,0.0,0.0,2.5,0.0,1.0,1.0,0.0,0.0
904,1.0,0.0,902.5,0.0,0.0,0.0,2.5,0.0,1.0,0.0,902.5,0.0,0.0,0.0,2.5,0.0,1.0,1.0,0.0,0.0
905,1.0,0.0,903.5,0.0,0.0,0.0,2.5,0.0,1.0,0.0,903.5,0.0,0.0,0.0,2.5,0.0,1.0,1.0,0.0,0.0
906,1.0,0.0,904.5,0.0,0.0,0.0,2.5,0.0,1.0,0.0,904.5,0.0,0.0,0.0,2.5,0.0,1.0,1.0,0.0,0.0
907,1.0,0.0,905.5,0.0,0.0,0.0,2.5,0.0,1.0,0.0,905.5,0.0,0.0,0.0,2.5,0.0,1.0,1.0,0.0,0.0
908,1.0,0.0,906.5,0.0,0.0,0.0,2.5,0.0,1.0,0.0,906.5,0.0,0.0,0.0,2.5,0.0,1.0,1.0,0.0,0.0
909,1.0,0.0,907.5,0.0,0.0,0.0,2.5,0.0,1.0,0.0,907.5,0.0,0.0,0.0,2.5,0.0,1.0,1.0,0.0,0.0
910,1.0,0.0,908.5,0.0,0.0,0.0,2.5,0.0,1.0,0.0,908.5,0.0,0.0,0.0,2.5,0.0,1.0,1.0,0.0,0.0
911,1.0,0.0,909.5,0.0,0.0,0.0,2.5,0.0,1.0,0.0,909.5,0.0,0.0,0.0,2.5,0.0,1.0,1.0,0.0,0.0
912,1.0,0.0,910.5,0.0,0.0,0.0,2.5,0.0,1.0,0.0,910.5,0.0,0.0,0.0,2.5,0.0,1.0,1.0,0.0,0.0
913,1.0,0.0,911.5,0.0,0.0,0.0,2.5,0.0,1.0,0.0,911.5,0.0,0.0,0.0,2.5,0.0,1.0,1.0,0.0,0.0
914,1.0,0.0,912.5,0.0,0.0,0.0,2.5,0.0,1.0,0.0,912.5,0.0,0.0,0.0,2.5,0.0,1.0,1.0,0.0,0.0
915,1.0,0.0,913.5,0.0,0.0,0.0,2.5,0.0,1.0,0.0,913.5,0.0,0.0,0.0,2.5,0.0,1.0,1.0,0.0,0.0
916,1.0,0.0,914.5,0.0,0.0,0.0,2.5,0.0,1.0,0.0,914.5,0.0,0.0,0.0,2.5,0.0,1.0,1.0,0.0,0.0
917,1.0,0.0,915.5,0.0,0.0,0.0,2.5,0.0,1.0,0.0,915.5,0.0,0.0,0.0,2.5,0.0,1.0,1.0,0.0,0.0
918,1.0,0.0,916.5,0.0,0.0,0.0,2.5,0.0,1.0,0.0,916.5,0.0,0.0,0.0,2.5,0.0,1.0,1.0,0.0,0.0
919,1.0,0.0,917.5,0.0,0.0,0.0,2.5,0.0,1.0,0.0,917.5,0.0,0.0,0.0,2.5,0.0,1.0,1.0,0.0,0.0
920,1.0,0.0,918.5,0.0,0.0,0.0,2.5,0.0,1.0,0.0,918.5,0.0,0.0,0.0,2.5,0.0,1.0,1.0,0.0,0.0
921,1.0,0.0,919.5,0.0,0.0,0.0,2.5,0.0,1.0,0.0,919.5,0.0,0.0,0.0,2.5,0.0,1.0,1.0,0.0,0.0
922,1.0,0.0,920.5,0.0,0.0,0.0,2.5,0.0,1.0,0.0,920.5,0.0,0.0,0.0,2.5,0.0,1.0,1.0,0.0,0.0
923,1.0,0.0,921.5,0.0,0.0,0.0,2.5,0.0,1.0,0.0,921.5,0.0,0.0,0.0,2.5,0.0,1.0,1.0,0.0,0.0
924,1.0,0.0,922.5,0.0,0.0,0.0,2.5,0.0,1.0,0.0,922.5,0.0,0.0,0.0,2.5,0.0,1.0,1.0,0.0,0.0
925,1.0,0.0,923.5,0.0,0.0,0.0,2.5,0.0,1.0,0.0,923.5,0.0,0.0,0.0,2.5,0.0,1.0,1.0,0.0,0.0
926,1.0,0.0,924.5,0.0,0.0,0.0,2.5,0.0,1.0,0.0,924.5,0.0,0.0,0.0,2.5,0.0,1.0,1.0,0.0,0.0
927,1.0,0.0,925.5,0.0,0.0,0.0,2.5,0.0,1.0,0.0,925.5,0.0,0.0,0.0,2.5,0.0,1.0,1.0,0.0,0.0
928,1.0,0.0,926.5,0.0,0.0,0.0,2.5,0.0,1.0,0.0,926.5,0.0,0.0,0.0,2.5,0.0,1.0,1.0,0.0,0.0
929,1.0,0.0,927.5,0.0,0.0,0.0,2.5,0.0,1.0,0.0,927.5,0.0,0.0,0.0,2.5,0.0,1.0,1.0,0.0,0.0
930,1.0,0.0,928.5,0.0,0.0,0.0,2.5,0.0,1.0,0.0,928.5,0.0,0.0,0.0,2.5,0.0,1.0,1.0,0.0,0.0
931,1.0,0.0,929.5,0.0,0.0,0.0,2.5,0.0,1.0,0.0,929.5,0.0,0.0,0.0,2.5,0.0,1.0,1.0,0.0,0.0
932,1.0,0.0,930.5,0.0,0.0,0.0,2.5,0.0,1.0,0.0,930.5,0.0,0.0,0.0,2.5,0.0,1.0,1.0,0.0,0.0
933,1.0,0.0,931.5,0.0,0.0,0.0,2.5,0.0,1.0,0.0,931.5,0.0,0.0,0.0,2.5,0.0,1.0,1.0,0.0,0.0
934,1.0,0.0,932.5,0.0,0.0,0.0,2.5,0.0,1.0,0.0,932.5,0.0,0.0,0.0,2.5,0.0,1.0,1.0,0.0,0.0
935,1.0,0.0,933.5,0.0,0.0,0.0,2.5,0.0,1.0,0.0,933.5,0.0,0.0,0.0,2.5,0.0,1.0,1.0,0.0,0.0
936,1.0,0.0,934.5,0.0,0.0,0.0,2.5,0.0,1.0,0.0,934.5,0.0,0.0,0.0,2.5,0.0,1.0,1.0,0.0,0.0
937,1.0,0.0,935.5,0.0,0.0,0.0,2.5,0.0,1.0,0.0,935.5,0.0,0.0,0.0,2.5,0.0,1.0,1.0,0.0,0.0
938,1.0,0.0,936.5,0.0,0.0,0.0,2.5,0.0,1.0,0.0,936.5,0.0,0.0,0.0,2.5,0.0,1.0,1.0,0.0,0.0
939,1.0,0.0,937.5,0.0,0.0,0.0,2.5,0.0,1.0,0.0,937.5,0.0,0.0,0.0,2.5,0.0,1.0,1.0,0.0,0.0
940,1.0,0.0,938.5,0.0,0.0,0.0,2.5,0.0,1.0,0.0,938.5,0.0,0.0,0.0,2.5,0.0,1.0,1.0,0.0,0.0
941,1.0,0.0,939.5,0.0,0.0,0.0,2.5,0.0,1.0,0.0,939.5,0.0,0.0,0.0,2.5,0.0,1.0,1.0,0.0,0.0
942,1.0,0.0,940.5,0.0,0.0,0.0,2.5,0.0,1.0,0.0,940.5,0.0,0.0,0.0,2.5,0.0,1.0,1.0,0.0,0.0
943,1.0,0.0,941.5,0.0,0.0,0.0,2.5,0.0,1.0,0.0,941.5,0.0,0.0,0.0,2.5,0.0,1.0,1.0,0.0,0.0
944,1.0,0.0,942.5,0.0,0.0,0.0,2.5,0.0,1.0,0.0,942.5,0.0,0.0,0.0,2.5,0.0,1.0,1.0,0.0,0.0
945,1.0,0.0,943.5,0.0,0.0,0.0,2.5,0.0,1.0,0.0,943.5,0.0,0.0,0.0,2.5,0.0,1.0,1.0,0.0,0.0
946,1.0,0.0,944.5,0.0,0.0,0.0,2.5,0.0,1.0,0.0,944.5,0.0,0.0,0.0,2.5,0.0,1.0,1.0,0.0,0.0
947,1.0,0.0,945.5,0.0,0.0,0.0,2.5,0.0,1.0,0.0,945.5,0.0,0.0,0.0,2.5,0.0,1.0,1.0,0.0,0.0
948,1.0,0.0,946.5,0.0,0.0,0.0,2.5,0.0,1.0,0.0,946.5,0.0,0.0,0.0,2.5,0.0,1.0,1.0,0.0,0.0
949,1.0,0.0,947.5,0.0,0.0,0.0,2.5,0.0,1.0,0.0,947.5,0.0,0.0,0.0,2.5,0.0,1.0,1.0,0.0,0.0
950,1.0,0.0,948.5,0.0,0.0,0.0,2.5,0.0,1.0,0.0,948.5,0.0,0.0,0.0,2.5,0.0,1.0,1.0,0.0,0.0
951,1.0,0.0,949.5,0.0,0.0,0.0,2.5,0.0,1.0,0.0,949.5,0.0,0.0,0.0,2.5,0.0,1.0,1.0,0.0,0.0
952,1.0,0.0,950.5,0.0,0.0,0.0,2.5,0.0,1.0,0.0,950.5,0.0,0.0,0.0,2.5,0.0,1.0,1.0,0.0,0.0
953,1.0,0.0,951.5,0.0,0.0,0.0,2.5,0.0,1.0,0.0,951.5,0.0,0.0,0.0,2.5,0.0,1.0,1.0,0.0,0.0
954,1.0,0.0,952.5,0.0,0.0,0.0,2.5,0.0,1.0,0.0,952.5,0.0,0.0,0.0,2.5,0.0,1.0,1.0,0.0,0.0
955,1.0,0.0,953.5,0.0,0.0,0.0,2.5,0.0,1.0,0.0,953.5,0.0,0.0,0.0,2.5,0.0,1.0,1.0,0.0,0.0
956,1.0,0.0,954.5,0.0,0.0,0.0,2.5,0.0,1.0,0.0,954.5,0.0,0.0,0.0,2.5,0.0,1.0,1.0,0.0,0.0
957,1.0,0.0,955.5,0.0,0.0,0.0,2.5,0.0,1.0,0.0,955.5,0.0,0.0,0.0,2.5,0.0,1.0,1.0,0.0,0.0
958,1.0,0.0,956.5,0.0,0.0,0.0,2.5,0.0,1.0,0.0,956.5,0.0,0.0,0.0,2.5,0.0,1.0,1.0,0.0,0.0
959,1.0,0.0,957.5,0.0,0.0,0.0,2.5,0.0,1.0,0.0,957.5,0.0,0.0,0.0,2.5,0.0,1.0,1.0,0.0,0.0
960,1.0,0.0,958.5,0.0,0.0,0.0,2.5,0.0,1.0,0.0,958.5,0.0,0.0,0.0,2.5,0.0,1.0,1.0,0.0,0.0
961,1.0,0.0,959.5,0.0,0.0,0.0,2.5,0.0,1.0,0.0,959.5,0.0,0.0,0.0,2.5,0.0,1.0,1.0,0.0,0.0
962,1.0,0.0,960.5,0.0,0.0,0.0,2.5,0.0,1.0,0.0,960.5,0.0,0.0,0.0,2.5,0.0,1.0,1.0,0.0,0.0
963,1.0,0.0,961.5,0.0,0.0,0.0,2.5,0.0,1.0,0.0,961.5,0.0,0.0,0.0,2.5,0.0,1.0,1.0,0.0,0.0
964,1.0,0.0,962.5,0.0,0.0,0.0,2.5,0.0,1.0,0.0,962.5,0.0,0.0,0.0,2.5,0.0,1.0,1.0,0.0,0.0
965,1.0,0.0,963.5,0.0,0.0,0.0,2.5,0.0,1.0,0.0,963.5,0.0,0.0,0.0,2.5,0.0,1.0,1.0,0.0,0.0
966,1.0,0.0,964.5,0.0,0.0,0.0,2.5,0.0,1.0,0.0,964.5,0.0,0.0,0.0,2.5,0.0,1.0,1.0,0.0,0.0
967,1.0,0.0,965.5,0.0,0.0,0.0,2.5,0.0,1.0,0.0,965.5,0.0,0.0,0.0,2.5,0.0,1.0,1.0,0.0,0.0
968,1.0,0.0,966.5,0.0,0.0,0.0,2.5,0.0,1.0,0.0,966.5,0.0,0.0,0.0,2.5,0.0,1.0,1.0,0.0,0.0
969,1.0,0.0,967.5,0.0,0.0,0.0,2.5,0.0,1.0,0.0,967.5,0.0,0.0,0.0,2.5,0.0,1.0,1.0,0.0,0.0
970,1.0,0.0,968.5,0.0,0.0,0.0,2.5,0.0,1.0,0.0,968.5,0.0,0.0,0.0,2.5,0.0,1.0,1.0,0.0,0.0
971,1.0,0.0,969.5,0.0,0.0,0.0,2.5,0.0,1.0,0.0,969.5,0.0,0.0,0.0,2.5,0.0,1.0,1.0,0.0,0.0
972,1.0,0.0,970.5,0.0,0.0,0.0,2.5,0.0,1.0,0.0,970.5,0.0,0.0,0.0,2.5,0.0,1.0,1.0,0.0,0.0
973,1.0,0.0,971.5,0.0,0.0,0.0,2.5,0.0,1.0,0.0,971.5,0.0,0.0,0.0,2.5,0.0,1.0,1.0,0.0,0.0
974,1.0,0.0,972.5,0.0,0.0,0.0,2.5,0.0,1.0,0.0,972.5,0.0,0.0,0.0,2.5,0.0,1.0,1.0,0.0,0.0
975,1.0,0.0,973.5,0.0,0.0,0.0,2.5,0.0,1.0,0.0,973.5,0.0,0.0,0.0,2.5,0.0,1.0,1.0,0.0,0.0
976,1.0,0.0,974.5,0.0,0.0,0.0,2.5,0.0,1.0,0.0,974.5,0.0,0.0,0.0,2.5,0.0,1.0,1.0,0.0,0.0
977,1.0,0.0,975.5,0.0,0.0,0.0,2.5,0.0,1.0,0.0,975.5,0.0,0.0,0.0,2.5,0.0,1.0,1.0,0.0,0.0
978,1.0,0.0,976.5,0.0,0.0,0.0,2.5,0.0,1.0,0.0,976.5,0.0,0.0,0.0,2.5,0.0,1.0,1.0,0.0,0.0
979,1.0,0.0,977.5,0.0,0.0,0.0,2.5,0.0,1.0,0.0,977.5,0.0,0.0,0.0,2.5,0.0,1.0,1.0,0.0,0.0
980,1.0,0.0,978.5,0.0,0.0,0.0,2.5,0.0,1.0,0.0,978.5,0.0,0.0,0.0,2.5,0.0,1.0,1.0,0.0,0.0
981,1.0,0.0,979.5,0.0,0.0,0.0,2.5,0.0,1.0,0.0,979.5,0.0,0.0,0.0,2.5,0.0,1.0,1.0,0.0,0.0
982,1.0,0.0,980.5,0.0,0.0,0.0,2.5,0.0,1.0,0.0,980.5,0.0,0.0,0.0,2.5,0.0,1.0,1.0,0.0,0.0
983,1.0,0.0,981.5,0.0,0.0,0.0,2.5,0.0,1.0,0.0,981.5,0.0,0.0,0.0,2.5,0.0,1.0,1.0,0.0,0.0
984,1.0,0.0,982.5,0.0,0.0,0.0,2.5,0.0,1.0,0.0,982.5,0.0,0.0,0.0,2.5,0.0,1.0,1.0,0.0,0.0
985,1.0,0.0,983.5,0.0,0.0,0.0,2.5,0.0,1.0,0.0,983.5,0.0,0.0,0.0,2.5,0.0,1.0,1.0,0.0,0.0
986,1.0,0.0,984.5,0.0,0.0,0.0,2.5,0.0,1.0,0.0,984.5,0.0,0.0,0.0,2.5,0.0,1.0,1.0,0.0,0.0
987,1.0,0.0,985.5,0.0,0.0,0.0,2.5,0.0,1.0,0.0,985.5,0.0,0.0,0.0,2.5,0.0,1.0,1.0,0.0,0.0
988,1.0,0.0,986.5,0.0,0.0,0.0,2.5,0.0,1.0,0.0,986.5,0.0,0.0,0.0,2.5,0.0,1.0,1.0,0.0,0.0
989,1.0,0.0,987.5,0.0,0.0,0.0,2.5,0.0,1.0,0.0,987.5,0.0,0.0,0.0,2.5,0.0,1.0,1.0,0.0,0.0
990,1.0,0.0,988.5,0.0,0.0,0.0,2.5,0.0,1.0,0.0,988.5,0.0,0.0,0.0,2.5,0.0,1.0,1.0,0.0,0.0
991,1.0,0.0,989.5,0.0,0.0,0.0,2.5,0.0,1.0,0.0,989.5,0.0,0.0,0.0,2.5,0.0,1.0,1.0,0.0,0.0
992,1.0,0.0,990.5,0.0,0.0,0.0,2.5,0.0,1.0,0.0,990.5,0.0,0.0,0.0,2.5,0.0,1.0,1.0,0.0,0.0
993,1.0,0.0,991.5,0.0,0.0,0.0,2.5,0.0,1.0,0.0,991.5,0.0,0.0,0.0,2.5,0.0,1.0,1.0,0.0,0.0
994,1.0,0.0,992.5,0.0,0.0,0.0,2.5,0.0,1.0,0.0,992.5,0.0,0.0,0.0,2.5,0.0,1.0,1.0,0.0,0.0
995,1.0,0.0,993.5,0.0,0.0,0.0,2.5,0.0,1.0,0.0,993.5,0.0,0.0,0.0,2.5,0.0,1.0,1.0,0.0,0.0
996,1.0,0.0,994.5,0.0,0.0,0.0,2.5,0.0,1.0,0.0,994.5,0.0,0.0,0.0,2.5,0.0,1.0,1.0,0.0,0.0
997,1.0,0.0,995.5,0.0,0.0,0.0,2.5,0.0,1.0,0.0,995.5,0.0,0.0,0.0,2.5,0.0,1.0,1.0,0.0,0.0
998,1.0,0.0,996.5,0.0,0.0,0.0,2.5,0.0,1.0,0.0,996.5,0.0,0.0,0.0,2.5,0.0,1.0,1.0,0.0,0.0
999,1.0,0.0,997.5,0.0,0.0,0.0,2.5,0.0,1.0,0.0,997.5,0.0,0.0,0.0,2.5,0.0,1.0,1.0,0.0,0.0
